FE;"France entière";"72";Sarthe;"72154";"La Flèche";"0001";508;258;"50,79%";250;"49,21%";241;"47,44%";"93,41%";5;"0,98%";"1,94%";12;"2,36%";"4,65%";1;LDIV;"HUMANITE SOUVERAINE";"POUR UNE HUMANITE SOUVERAINE";0;"0,00%";"0,00%";0;2;LDIV;"POUR UNE DEMOCRATIE REELLE : DECIDONS NOUS-MEMES !";"POUR UNE DEMOCRATIE REELLE : DECIDONS NOUS-MEMES !";0;"0,00%";"0,00%";0;3;LREC;"LA FRANCE FIERE, MENEE PAR MARION MARECHAL ET SOUTENUE PAR ÉRIC ZEMMOUR";"LA FRANCE FIERE, MENEE PAR MARION MARECHAL ET SOUTENUE PAR ÉRIC ZEMMOUR";16;"3,15%";"6,64%";5;4;LFI;"LFI - UP";"LA FRANCE INSOUMISE - UNION POPULAIRE";16;"3,15%";"6,64%";9;5;LRN;"La FRANCE REVIENT";"LA FRANCE REVIENT ! AVEC JORDAN BARDELLA ET MARINE LE PEN";83;"16,34%";"34,44%";30;6;LVEC;"EUROPE ÉCOLOGIE";"EUROPE ÉCOLOGIE";9;"1,77%";"3,73%";5;7;LDIV;"FREE PALESTINE";"FREE PALESTINE";0;"0,00%";"0,00%";0;8;LDIV;"PARTI ANIMALISTE";"PARTI ANIMALISTE - LES ANIMAUX COMPTENT, VOTRE VOIX AUSSI";5;"0,98%";"2,07%";0;9;LEXG;"PARTI REVOLUTIONNAIRE COMMUNISTES";"PARTI REVOLUTIONNAIRE COMMUNISTES";0;"0,00%";"0,00%";0;10;LDIV;"PARTI PIRATE";"PARTI PIRATE";0;"0,00%";"0,00%";0;11;LENS;"BESOIN D'EUROPE";"BESOIN D'EUROPE";30;"5,91%";"12,45%";13;12;LDIV;PACE;"PACE - PARTI DES CITOYENS EUROPÉENS, POUR L'ARMÉE EUROPÉENNE, POUR L'EUROPE SOCIALE , POUR LA PLANÈTE !";0;"0,00%";"0,00%";0;13;LECO;ÉQUINOXE;"ÉQUINOXE : ÉCOLOGIE PRATIQUE ET RENOUVEAU DÉMOCRATIQUE";2;"0,39%";"0,83%";0;14;LECO;"ECOLOGIE POSITIVE";"ECOLOGIE POSITIVE ET TERRITOIRES";3;"0,59%";"1,24%";0;15;LDIV;"LISTE ASSELINEAU-FREXIT";"LISTE ASSELINEAU-FREXIT, POUR LE POUVOIR D'ACHAT ET POUR LA PAIX";5;"0,98%";"2,07%";0;16;LEXG;"PAIX ET DECROISSANCE";"PAIX ET DECROISSANCE";0;"0,00%";"0,00%";0;17;LDIV;"POUR UNE AUTRE EUROPE";"POUR UNE AUTRE EUROPE";0;"0,00%";"0,00%";0;18;LLR;"LA DROITE POUR FAIRE ENTENDRE LA VOIX DE LA FRANCE EN EUROPE";"LA DROITE POUR FAIRE ENTENDRE LA VOIX DE LA FRANCE EN EUROPE";15;"2,95%";"6,22%";6;19;LEXG;"LUTTE OUVRIERE";"LUTTE OUVRIERE - LE CAMP DES TRAVAILLEURS";0;"0,00%";"0,00%";0;20;LDVG;"CHANGER L'EUROPE";"CHANGER L'EUROPE";0;"0,00%";"0,00%";0;21;LDIV;NLP;"NOUS LE PEUPLE";0;"0,00%";"0,00%";0;22;LEXG;"URGENCE REVOLUTION !";"POUR UN MONDE SANS FRONTIERES NI PATRONS, URGENCE REVOLUTION !";0;"0,00%";"0,00%";0;23;LEXG;PPL;"""POUR LE PAIN, LA PAIX, LA LIBERTÉ !"" PRÉSENTÉE PAR LE PARTI DES TRAVAILLEURS";0;"0,00%";"0,00%";0;24;LEXD;"L'EUROPE CA SUFFIT !";"L'EUROPE CA SUFFIT !";2;"0,39%";"0,83%";0;25;LDIV;"PRENONS-NOUS EN MAIN";"NON ! PRENONS-NOUS EN MAINS";0;"0,00%";"0,00%";0;26;LEXD;"FORTERESSE EUROPE";"FORTERESSE EUROPE - LISTE D'UNITE NATIONALISTE";0;"0,00%";"0,00%";0;27;LUG;"REVEIL EUR";"RÉVEILLER L'EUROPE";40;"7,87%";"16,60%";13;28;LEXG;"NON À L'UE ET À L'OTAN, COMMUNISTES POUR LA PAIX ET LE PROGRÈS SOCIAL";"NON À L'UE ET À L'OTAN, COMMUNISTES POUR LA PAIX ET LE PROGRÈS SOCIAL";0;"0,00%";"0,00%";0;29;LDVD;AR;"ALLIANCE RURALE";5;"0,98%";"2,07%";0;30;LDIV;"FRANCE LIBRE";"FRANCE LIBRE";0;"0,00%";"0,00%";0;31;LDVG;"EUROPE TERRITOIRES ÉCOLOGIE";"EUROPE TERRITOIRES ÉCOLOGIE";0;"0,00%";"0,00%";0;32;LDIV;"LA RUCHE CITOYENNE";"LA RUCHE CITOYENNE";0;"0,00%";"0,00%";0;33;LCOM;"GAUCHE UNIE";"GAUCHE UNIE POUR LE MONDE DU TRAVAIL SOUTENUE PAR FABIEN ROUSSEL";8;"1,57%";"3,32%";0;34;LDIV;"DEFENDRE LES ENFANTS";"DEFENDRE LES ENFANTS";0;"0,00%";"0,00%";0;35;LECO;EAC;"ÉCOLOGIE AU CENTRE";2;"0,39%";"0,83%";0;36;LDIV;"DEMOCRATIE REPRESENTATIVE";"DEMOCRATIE REPRESENTATIVE";0;"0,00%";"0,00%";0;37;LDIV;ESPERANTO;"ESPERANTO LANGUE COMMUNE";0;"0,00%";"0,00%";0;38;LDIV;"LIBERTÉ DÉMOCRATIQUE FRANÇAISE";"LIBERTÉ DÉMOCRATIQUE FRANÇAISE";0;"0,00%";"0,00%";0
FE;"France entière";"72";Sarthe;"72154";"La Flèche";"0002";739;411;"55,62%";328;"44,38%";395;"53,45%";"96,11%";11;"1,49%";"2,68%";5;"0,68%";"1,22%";1;LDIV;"HUMANITE SOUVERAINE";"POUR UNE HUMANITE SOUVERAINE";0;"0,00%";"0,00%";0;2;LDIV;"POUR UNE DEMOCRATIE REELLE : DECIDONS NOUS-MEMES !";"POUR UNE DEMOCRATIE REELLE : DECIDONS NOUS-MEMES !";0;"0,00%";"0,00%";0;3;LREC;"LA FRANCE FIERE, MENEE PAR MARION MARECHAL ET SOUTENUE PAR ÉRIC ZEMMOUR";"LA FRANCE FIERE, MENEE PAR MARION MARECHAL ET SOUTENUE PAR ÉRIC ZEMMOUR";37;"5,01%";"9,37%";5;4;LFI;"LFI - UP";"LA FRANCE INSOUMISE - UNION POPULAIRE";16;"2,17%";"4,05%";9;5;LRN;"La FRANCE REVIENT";"LA FRANCE REVIENT ! AVEC JORDAN BARDELLA ET MARINE LE PEN";159;"21,52%";"40,25%";30;6;LVEC;"EUROPE ÉCOLOGIE";"EUROPE ÉCOLOGIE";14;"1,89%";"3,54%";5;7;LDIV;"FREE PALESTINE";"FREE PALESTINE";0;"0,00%";"0,00%";0;8;LDIV;"PARTI ANIMALISTE";"PARTI ANIMALISTE - LES ANIMAUX COMPTENT, VOTRE VOIX AUSSI";10;"1,35%";"2,53%";0;9;LEXG;"PARTI REVOLUTIONNAIRE COMMUNISTES";"PARTI REVOLUTIONNAIRE COMMUNISTES";0;"0,00%";"0,00%";0;10;LDIV;"PARTI PIRATE";"PARTI PIRATE";1;"0,14%";"0,25%";0;11;LENS;"BESOIN D'EUROPE";"BESOIN D'EUROPE";55;"7,44%";"13,92%";13;12;LDIV;PACE;"PACE - PARTI DES CITOYENS EUROPÉENS, POUR L'ARMÉE EUROPÉENNE, POUR L'EUROPE SOCIALE , POUR LA PLANÈTE !";0;"0,00%";"0,00%";0;13;LECO;ÉQUINOXE;"ÉQUINOXE : ÉCOLOGIE PRATIQUE ET RENOUVEAU DÉMOCRATIQUE";1;"0,14%";"0,25%";0;14;LECO;"ECOLOGIE POSITIVE";"ECOLOGIE POSITIVE ET TERRITOIRES";0;"0,00%";"0,00%";0;15;LDIV;"LISTE ASSELINEAU-FREXIT";"LISTE ASSELINEAU-FREXIT, POUR LE POUVOIR D'ACHAT ET POUR LA PAIX";5;"0,68%";"1,27%";0;16;LEXG;"PAIX ET DECROISSANCE";"PAIX ET DECROISSANCE";0;"0,00%";"0,00%";0;17;LDIV;"POUR UNE AUTRE EUROPE";"POUR UNE AUTRE EUROPE";0;"0,00%";"0,00%";0;18;LLR;"LA DROITE POUR FAIRE ENTENDRE LA VOIX DE LA FRANCE EN EUROPE";"LA DROITE POUR FAIRE ENTENDRE LA VOIX DE LA FRANCE EN EUROPE";28;"3,79%";"7,09%";6;19;LEXG;"LUTTE OUVRIERE";"LUTTE OUVRIERE - LE CAMP DES TRAVAILLEURS";1;"0,14%";"0,25%";0;20;LDVG;"CHANGER L'EUROPE";"CHANGER L'EUROPE";0;"0,00%";"0,00%";0;21;LDIV;NLP;"NOUS LE PEUPLE";0;"0,00%";"0,00%";0;22;LEXG;"URGENCE REVOLUTION !";"POUR UN MONDE SANS FRONTIERES NI PATRONS, URGENCE REVOLUTION !";0;"0,00%";"0,00%";0;23;LEXG;PPL;"""POUR LE PAIN, LA PAIX, LA LIBERTÉ !"" PRÉSENTÉE PAR LE PARTI DES TRAVAILLEURS";0;"0,00%";"0,00%";0;24;LEXD;"L'EUROPE CA SUFFIT !";"L'EUROPE CA SUFFIT !";3;"0,41%";"0,76%";0;25;LDIV;"PRENONS-NOUS EN MAIN";"NON ! PRENONS-NOUS EN MAINS";0;"0,00%";"0,00%";0;26;LEXD;"FORTERESSE EUROPE";"FORTERESSE EUROPE - LISTE D'UNITE NATIONALISTE";0;"0,00%";"0,00%";0;27;LUG;"REVEIL EUR";"RÉVEILLER L'EUROPE";39;"5,28%";"9,87%";13;28;LEXG;"NON À L'UE ET À L'OTAN, COMMUNISTES POUR LA PAIX ET LE PROGRÈS SOCIAL";"NON À L'UE ET À L'OTAN, COMMUNISTES POUR LA PAIX ET LE PROGRÈS SOCIAL";0;"0,00%";"0,00%";0;29;LDVD;AR;"ALLIANCE RURALE";10;"1,35%";"2,53%";0;30;LDIV;"FRANCE LIBRE";"FRANCE LIBRE";0;"0,00%";"0,00%";0;31;LDVG;"EUROPE TERRITOIRES ÉCOLOGIE";"EUROPE TERRITOIRES ÉCOLOGIE";1;"0,14%";"0,25%";0;32;LDIV;"LA RUCHE CITOYENNE";"LA RUCHE CITOYENNE";0;"0,00%";"0,00%";0;33;LCOM;"GAUCHE UNIE";"GAUCHE UNIE POUR LE MONDE DU TRAVAIL SOUTENUE PAR FABIEN ROUSSEL";4;"0,54%";"1,01%";0;34;LDIV;"DEFENDRE LES ENFANTS";"DEFENDRE LES ENFANTS";0;"0,00%";"0,00%";0;35;LECO;EAC;"ÉCOLOGIE AU CENTRE";11;"1,49%";"2,78%";0;36;LDIV;"DEMOCRATIE REPRESENTATIVE";"DEMOCRATIE REPRESENTATIVE";0;"0,00%";"0,00%";0;37;LDIV;ESPERANTO;"ESPERANTO LANGUE COMMUNE";0;"0,00%";"0,00%";0;38;LDIV;"LIBERTÉ DÉMOCRATIQUE FRANÇAISE";"LIBERTÉ DÉMOCRATIQUE FRANÇAISE";0;"0,00%";"0,00%";0
FE;"France entière";"72";Sarthe;"72154";"La Flèche";"0003";678;343;"50,59%";335;"49,41%";322;"47,49%";"93,88%";8;"1,18%";"2,33%";13;"1,92%";"3,79%";1;LDIV;"HUMANITE SOUVERAINE";"POUR UNE HUMANITE SOUVERAINE";0;"0,00%";"0,00%";0;2;LDIV;"POUR UNE DEMOCRATIE REELLE : DECIDONS NOUS-MEMES !";"POUR UNE DEMOCRATIE REELLE : DECIDONS NOUS-MEMES !";0;"0,00%";"0,00%";0;3;LREC;"LA FRANCE FIERE, MENEE PAR MARION MARECHAL ET SOUTENUE PAR ÉRIC ZEMMOUR";"LA FRANCE FIERE, MENEE PAR MARION MARECHAL ET SOUTENUE PAR ÉRIC ZEMMOUR";18;"2,65%";"5,59%";5;4;LFI;"LFI - UP";"LA FRANCE INSOUMISE - UNION POPULAIRE";15;"2,21%";"4,66%";9;5;LRN;"La FRANCE REVIENT";"LA FRANCE REVIENT ! AVEC JORDAN BARDELLA ET MARINE LE PEN";110;"16,22%";"34,16%";30;6;LVEC;"EUROPE ÉCOLOGIE";"EUROPE ÉCOLOGIE";13;"1,92%";"4,04%";5;7;LDIV;"FREE PALESTINE";"FREE PALESTINE";0;"0,00%";"0,00%";0;8;LDIV;"PARTI ANIMALISTE";"PARTI ANIMALISTE - LES ANIMAUX COMPTENT, VOTRE VOIX AUSSI";5;"0,74%";"1,55%";0;9;LEXG;"PARTI REVOLUTIONNAIRE COMMUNISTES";"PARTI REVOLUTIONNAIRE COMMUNISTES";0;"0,00%";"0,00%";0;10;LDIV;"PARTI PIRATE";"PARTI PIRATE";0;"0,00%";"0,00%";0;11;LENS;"BESOIN D'EUROPE";"BESOIN D'EUROPE";52;"7,67%";"16,15%";13;12;LDIV;PACE;"PACE - PARTI DES CITOYENS EUROPÉENS, POUR L'ARMÉE EUROPÉENNE, POUR L'EUROPE SOCIALE , POUR LA PLANÈTE !";0;"0,00%";"0,00%";0;13;LECO;ÉQUINOXE;"ÉQUINOXE : ÉCOLOGIE PRATIQUE ET RENOUVEAU DÉMOCRATIQUE";0;"0,00%";"0,00%";0;14;LECO;"ECOLOGIE POSITIVE";"ECOLOGIE POSITIVE ET TERRITOIRES";2;"0,29%";"0,62%";0;15;LDIV;"LISTE ASSELINEAU-FREXIT";"LISTE ASSELINEAU-FREXIT, POUR LE POUVOIR D'ACHAT ET POUR LA PAIX";4;"0,59%";"1,24%";0;16;LEXG;"PAIX ET DECROISSANCE";"PAIX ET DECROISSANCE";0;"0,00%";"0,00%";0;17;LDIV;"POUR UNE AUTRE EUROPE";"POUR UNE AUTRE EUROPE";0;"0,00%";"0,00%";0;18;LLR;"LA DROITE POUR FAIRE ENTENDRE LA VOIX DE LA FRANCE EN EUROPE";"LA DROITE POUR FAIRE ENTENDRE LA VOIX DE LA FRANCE EN EUROPE";17;"2,51%";"5,28%";6;19;LEXG;"LUTTE OUVRIERE";"LUTTE OUVRIERE - LE CAMP DES TRAVAILLEURS";4;"0,59%";"1,24%";0;20;LDVG;"CHANGER L'EUROPE";"CHANGER L'EUROPE";0;"0,00%";"0,00%";0;21;LDIV;NLP;"NOUS LE PEUPLE";0;"0,00%";"0,00%";0;22;LEXG;"URGENCE REVOLUTION !";"POUR UN MONDE SANS FRONTIERES NI PATRONS, URGENCE REVOLUTION !";0;"0,00%";"0,00%";0;23;LEXG;PPL;"""POUR LE PAIN, LA PAIX, LA LIBERTÉ !"" PRÉSENTÉE PAR LE PARTI DES TRAVAILLEURS";0;"0,00%";"0,00%";0;24;LEXD;"L'EUROPE CA SUFFIT !";"L'EUROPE CA SUFFIT !";1;"0,15%";"0,31%";0;25;LDIV;"PRENONS-NOUS EN MAIN";"NON ! PRENONS-NOUS EN MAINS";0;"0,00%";"0,00%";0;26;LEXD;"FORTERESSE EUROPE";"FORTERESSE EUROPE - LISTE D'UNITE NATIONALISTE";0;"0,00%";"0,00%";0;27;LUG;"REVEIL EUR";"RÉVEILLER L'EUROPE";61;"9,00%";"18,94%";13;28;LEXG;"NON À L'UE ET À L'OTAN, COMMUNISTES POUR LA PAIX ET LE PROGRÈS SOCIAL";"NON À L'UE ET À L'OTAN, COMMUNISTES POUR LA PAIX ET LE PROGRÈS SOCIAL";0;"0,00%";"0,00%";0;29;LDVD;AR;"ALLIANCE RURALE";5;"0,74%";"1,55%";0;30;LDIV;"FRANCE LIBRE";"FRANCE LIBRE";0;"0,00%";"0,00%";0;31;LDVG;"EUROPE TERRITOIRES ÉCOLOGIE";"EUROPE TERRITOIRES ÉCOLOGIE";0;"0,00%";"0,00%";0;32;LDIV;"LA RUCHE CITOYENNE";"LA RUCHE CITOYENNE";1;"0,15%";"0,31%";0;33;LCOM;"GAUCHE UNIE";"GAUCHE UNIE POUR LE MONDE DU TRAVAIL SOUTENUE PAR FABIEN ROUSSEL";8;"1,18%";"2,48%";0;34;LDIV;"DEFENDRE LES ENFANTS";"DEFENDRE LES ENFANTS";0;"0,00%";"0,00%";0;35;LECO;EAC;"ÉCOLOGIE AU CENTRE";6;"0,88%";"1,86%";0;36;LDIV;"DEMOCRATIE REPRESENTATIVE";"DEMOCRATIE REPRESENTATIVE";0;"0,00%";"0,00%";0;37;LDIV;ESPERANTO;"ESPERANTO LANGUE COMMUNE";0;"0,00%";"0,00%";0;38;LDIV;"LIBERTÉ DÉMOCRATIQUE FRANÇAISE";"LIBERTÉ DÉMOCRATIQUE FRANÇAISE";0;"0,00%";"0,00%";0
FE;"France entière";"72";Sarthe;"72154";"La Flèche";"0004";566;323;"57,07%";243;"42,93%";315;"55,65%";"97,52%";3;"0,53%";"0,93%";5;"0,88%";"1,55%";1;LDIV;"HUMANITE SOUVERAINE";"POUR UNE HUMANITE SOUVERAINE";0;"0,00%";"0,00%";0;2;LDIV;"POUR UNE DEMOCRATIE REELLE : DECIDONS NOUS-MEMES !";"POUR UNE DEMOCRATIE REELLE : DECIDONS NOUS-MEMES !";1;"0,18%";"0,32%";0;3;LREC;"LA FRANCE FIERE, MENEE PAR MARION MARECHAL ET SOUTENUE PAR ÉRIC ZEMMOUR";"LA FRANCE FIERE, MENEE PAR MARION MARECHAL ET SOUTENUE PAR ÉRIC ZEMMOUR";25;"4,42%";"7,94%";5;4;LFI;"LFI - UP";"LA FRANCE INSOUMISE - UNION POPULAIRE";11;"1,94%";"3,49%";9;5;LRN;"La FRANCE REVIENT";"LA FRANCE REVIENT ! AVEC JORDAN BARDELLA ET MARINE LE PEN";75;"13,25%";"23,81%";30;6;LVEC;"EUROPE ÉCOLOGIE";"EUROPE ÉCOLOGIE";14;"2,47%";"4,44%";5;7;LDIV;"FREE PALESTINE";"FREE PALESTINE";0;"0,00%";"0,00%";0;8;LDIV;"PARTI ANIMALISTE";"PARTI ANIMALISTE - LES ANIMAUX COMPTENT, VOTRE VOIX AUSSI";14;"2,47%";"4,44%";0;9;LEXG;"PARTI REVOLUTIONNAIRE COMMUNISTES";"PARTI REVOLUTIONNAIRE COMMUNISTES";0;"0,00%";"0,00%";0;10;LDIV;"PARTI PIRATE";"PARTI PIRATE";0;"0,00%";"0,00%";0;11;LENS;"BESOIN D'EUROPE";"BESOIN D'EUROPE";48;"8,48%";"15,24%";13;12;LDIV;PACE;"PACE - PARTI DES CITOYENS EUROPÉENS, POUR L'ARMÉE EUROPÉENNE, POUR L'EUROPE SOCIALE , POUR LA PLANÈTE !";0;"0,00%";"0,00%";0;13;LECO;ÉQUINOXE;"ÉQUINOXE : ÉCOLOGIE PRATIQUE ET RENOUVEAU DÉMOCRATIQUE";0;"0,00%";"0,00%";0;14;LECO;"ECOLOGIE POSITIVE";"ECOLOGIE POSITIVE ET TERRITOIRES";3;"0,53%";"0,95%";0;15;LDIV;"LISTE ASSELINEAU-FREXIT";"LISTE ASSELINEAU-FREXIT, POUR LE POUVOIR D'ACHAT ET POUR LA PAIX";4;"0,71%";"1,27%";0;16;LEXG;"PAIX ET DECROISSANCE";"PAIX ET DECROISSANCE";0;"0,00%";"0,00%";0;17;LDIV;"POUR UNE AUTRE EUROPE";"POUR UNE AUTRE EUROPE";0;"0,00%";"0,00%";0;18;LLR;"LA DROITE POUR FAIRE ENTENDRE LA VOIX DE LA FRANCE EN EUROPE";"LA DROITE POUR FAIRE ENTENDRE LA VOIX DE LA FRANCE EN EUROPE";40;"7,07%";"12,70%";6;19;LEXG;"LUTTE OUVRIERE";"LUTTE OUVRIERE - LE CAMP DES TRAVAILLEURS";0;"0,00%";"0,00%";0;20;LDVG;"CHANGER L'EUROPE";"CHANGER L'EUROPE";0;"0,00%";"0,00%";0;21;LDIV;NLP;"NOUS LE PEUPLE";0;"0,00%";"0,00%";0;22;LEXG;"URGENCE REVOLUTION !";"POUR UN MONDE SANS FRONTIERES NI PATRONS, URGENCE REVOLUTION !";1;"0,18%";"0,32%";0;23;LEXG;PPL;"""POUR LE PAIN, LA PAIX, LA LIBERTÉ !"" PRÉSENTÉE PAR LE PARTI DES TRAVAILLEURS";0;"0,00%";"0,00%";0;24;LEXD;"L'EUROPE CA SUFFIT !";"L'EUROPE CA SUFFIT !";0;"0,00%";"0,00%";0;25;LDIV;"PRENONS-NOUS EN MAIN";"NON ! PRENONS-NOUS EN MAINS";0;"0,00%";"0,00%";0;26;LEXD;"FORTERESSE EUROPE";"FORTERESSE EUROPE - LISTE D'UNITE NATIONALISTE";0;"0,00%";"0,00%";0;27;LUG;"REVEIL EUR";"RÉVEILLER L'EUROPE";63;"11,13%";"20,00%";13;28;LEXG;"NON À L'UE ET À L'OTAN, COMMUNISTES POUR LA PAIX ET LE PROGRÈS SOCIAL";"NON À L'UE ET À L'OTAN, COMMUNISTES POUR LA PAIX ET LE PROGRÈS SOCIAL";0;"0,00%";"0,00%";0;29;LDVD;AR;"ALLIANCE RURALE";7;"1,24%";"2,22%";0;30;LDIV;"FRANCE LIBRE";"FRANCE LIBRE";0;"0,00%";"0,00%";0;31;LDVG;"EUROPE TERRITOIRES ÉCOLOGIE";"EUROPE TERRITOIRES ÉCOLOGIE";0;"0,00%";"0,00%";0;32;LDIV;"LA RUCHE CITOYENNE";"LA RUCHE CITOYENNE";0;"0,00%";"0,00%";0;33;LCOM;"GAUCHE UNIE";"GAUCHE UNIE POUR LE MONDE DU TRAVAIL SOUTENUE PAR FABIEN ROUSSEL";4;"0,71%";"1,27%";0;34;LDIV;"DEFENDRE LES ENFANTS";"DEFENDRE LES ENFANTS";0;"0,00%";"0,00%";0;35;LECO;EAC;"ÉCOLOGIE AU CENTRE";4;"0,71%";"1,27%";0;36;LDIV;"DEMOCRATIE REPRESENTATIVE";"DEMOCRATIE REPRESENTATIVE";0;"0,00%";"0,00%";0;37;LDIV;ESPERANTO;"ESPERANTO LANGUE COMMUNE";0;"0,00%";"0,00%";0;38;LDIV;"LIBERTÉ DÉMOCRATIQUE FRANÇAISE";"LIBERTÉ DÉMOCRATIQUE FRANÇAISE";1;"0,18%";"0,32%";0
FE;"France entière";"72";Sarthe;"72154";"La Flèche";"0005";674;350;"51,93%";324;"48,07%";333;"49,41%";"95,14%";4;"0,59%";"1,14%";13;"1,93%";"3,71%";1;LDIV;"HUMANITE SOUVERAINE";"POUR UNE HUMANITE SOUVERAINE";0;"0,00%";"0,00%";0;2;LDIV;"POUR UNE DEMOCRATIE REELLE : DECIDONS NOUS-MEMES !";"POUR UNE DEMOCRATIE REELLE : DECIDONS NOUS-MEMES !";0;"0,00%";"0,00%";0;3;LREC;"LA FRANCE FIERE, MENEE PAR MARION MARECHAL ET SOUTENUE PAR ÉRIC ZEMMOUR";"LA FRANCE FIERE, MENEE PAR MARION MARECHAL ET SOUTENUE PAR ÉRIC ZEMMOUR";20;"2,97%";"6,01%";5;4;LFI;"LFI - UP";"LA FRANCE INSOUMISE - UNION POPULAIRE";20;"2,97%";"6,01%";9;5;LRN;"La FRANCE REVIENT";"LA FRANCE REVIENT ! AVEC JORDAN BARDELLA ET MARINE LE PEN";128;"18,99%";"38,44%";30;6;LVEC;"EUROPE ÉCOLOGIE";"EUROPE ÉCOLOGIE";12;"1,78%";"3,60%";5;7;LDIV;"FREE PALESTINE";"FREE PALESTINE";0;"0,00%";"0,00%";0;8;LDIV;"PARTI ANIMALISTE";"PARTI ANIMALISTE - LES ANIMAUX COMPTENT, VOTRE VOIX AUSSI";4;"0,59%";"1,20%";0;9;LEXG;"PARTI REVOLUTIONNAIRE COMMUNISTES";"PARTI REVOLUTIONNAIRE COMMUNISTES";0;"0,00%";"0,00%";0;10;LDIV;"PARTI PIRATE";"PARTI PIRATE";0;"0,00%";"0,00%";0;11;LENS;"BESOIN D'EUROPE";"BESOIN D'EUROPE";59;"8,75%";"17,72%";13;12;LDIV;PACE;"PACE - PARTI DES CITOYENS EUROPÉENS, POUR L'ARMÉE EUROPÉENNE, POUR L'EUROPE SOCIALE , POUR LA PLANÈTE !";0;"0,00%";"0,00%";0;13;LECO;ÉQUINOXE;"ÉQUINOXE : ÉCOLOGIE PRATIQUE ET RENOUVEAU DÉMOCRATIQUE";0;"0,00%";"0,00%";0;14;LECO;"ECOLOGIE POSITIVE";"ECOLOGIE POSITIVE ET TERRITOIRES";2;"0,30%";"0,60%";0;15;LDIV;"LISTE ASSELINEAU-FREXIT";"LISTE ASSELINEAU-FREXIT, POUR LE POUVOIR D'ACHAT ET POUR LA PAIX";1;"0,15%";"0,30%";0;16;LEXG;"PAIX ET DECROISSANCE";"PAIX ET DECROISSANCE";0;"0,00%";"0,00%";0;17;LDIV;"POUR UNE AUTRE EUROPE";"POUR UNE AUTRE EUROPE";0;"0,00%";"0,00%";0;18;LLR;"LA DROITE POUR FAIRE ENTENDRE LA VOIX DE LA FRANCE EN EUROPE";"LA DROITE POUR FAIRE ENTENDRE LA VOIX DE LA FRANCE EN EUROPE";14;"2,08%";"4,20%";6;19;LEXG;"LUTTE OUVRIERE";"LUTTE OUVRIERE - LE CAMP DES TRAVAILLEURS";1;"0,15%";"0,30%";0;20;LDVG;"CHANGER L'EUROPE";"CHANGER L'EUROPE";0;"0,00%";"0,00%";0;21;LDIV;NLP;"NOUS LE PEUPLE";0;"0,00%";"0,00%";0;22;LEXG;"URGENCE REVOLUTION !";"POUR UN MONDE SANS FRONTIERES NI PATRONS, URGENCE REVOLUTION !";0;"0,00%";"0,00%";0;23;LEXG;PPL;"""POUR LE PAIN, LA PAIX, LA LIBERTÉ !"" PRÉSENTÉE PAR LE PARTI DES TRAVAILLEURS";0;"0,00%";"0,00%";0;24;LEXD;"L'EUROPE CA SUFFIT !";"L'EUROPE CA SUFFIT !";0;"0,00%";"0,00%";0;25;LDIV;"PRENONS-NOUS EN MAIN";"NON ! PRENONS-NOUS EN MAINS";0;"0,00%";"0,00%";0;26;LEXD;"FORTERESSE EUROPE";"FORTERESSE EUROPE - LISTE D'UNITE NATIONALISTE";0;"0,00%";"0,00%";0;27;LUG;"REVEIL EUR";"RÉVEILLER L'EUROPE";46;"6,82%";"13,81%";13;28;LEXG;"NON À L'UE ET À L'OTAN, COMMUNISTES POUR LA PAIX ET LE PROGRÈS SOCIAL";"NON À L'UE ET À L'OTAN, COMMUNISTES POUR LA PAIX ET LE PROGRÈS SOCIAL";0;"0,00%";"0,00%";0;29;LDVD;AR;"ALLIANCE RURALE";12;"1,78%";"3,60%";0;30;LDIV;"FRANCE LIBRE";"FRANCE LIBRE";0;"0,00%";"0,00%";0;31;LDVG;"EUROPE TERRITOIRES ÉCOLOGIE";"EUROPE TERRITOIRES ÉCOLOGIE";3;"0,45%";"0,90%";0;32;LDIV;"LA RUCHE CITOYENNE";"LA RUCHE CITOYENNE";0;"0,00%";"0,00%";0;33;LCOM;"GAUCHE UNIE";"GAUCHE UNIE POUR LE MONDE DU TRAVAIL SOUTENUE PAR FABIEN ROUSSEL";4;"0,59%";"1,20%";0;34;LDIV;"DEFENDRE LES ENFANTS";"DEFENDRE LES ENFANTS";0;"0,00%";"0,00%";0;35;LECO;EAC;"ÉCOLOGIE AU CENTRE";6;"0,89%";"1,80%";0;36;LDIV;"DEMOCRATIE REPRESENTATIVE";"DEMOCRATIE REPRESENTATIVE";0;"0,00%";"0,00%";0;37;LDIV;ESPERANTO;"ESPERANTO LANGUE COMMUNE";1;"0,15%";"0,30%";0;38;LDIV;"LIBERTÉ DÉMOCRATIQUE FRANÇAISE";"LIBERTÉ DÉMOCRATIQUE FRANÇAISE";0;"0,00%";"0,00%";0
FE;"France entière";"72";Sarthe;"72154";"La Flèche";"0006";650;327;"50,31%";323;"49,69%";298;"45,85%";"91,13%";8;"1,23%";"2,45%";21;"3,23%";"6,42%";1;LDIV;"HUMANITE SOUVERAINE";"POUR UNE HUMANITE SOUVERAINE";0;"0,00%";"0,00%";0;2;LDIV;"POUR UNE DEMOCRATIE REELLE : DECIDONS NOUS-MEMES !";"POUR UNE DEMOCRATIE REELLE : DECIDONS NOUS-MEMES !";0;"0,00%";"0,00%";0;3;LREC;"LA FRANCE FIERE, MENEE PAR MARION MARECHAL ET SOUTENUE PAR ÉRIC ZEMMOUR";"LA FRANCE FIERE, MENEE PAR MARION MARECHAL ET SOUTENUE PAR ÉRIC ZEMMOUR";12;"1,85%";"4,03%";5;4;LFI;"LFI - UP";"LA FRANCE INSOUMISE - UNION POPULAIRE";12;"1,85%";"4,03%";9;5;LRN;"La FRANCE REVIENT";"LA FRANCE REVIENT ! AVEC JORDAN BARDELLA ET MARINE LE PEN";130;"20,00%";"43,62%";30;6;LVEC;"EUROPE ÉCOLOGIE";"EUROPE ÉCOLOGIE";9;"1,38%";"3,02%";5;7;LDIV;"FREE PALESTINE";"FREE PALESTINE";0;"0,00%";"0,00%";0;8;LDIV;"PARTI ANIMALISTE";"PARTI ANIMALISTE - LES ANIMAUX COMPTENT, VOTRE VOIX AUSSI";5;"0,77%";"1,68%";0;9;LEXG;"PARTI REVOLUTIONNAIRE COMMUNISTES";"PARTI REVOLUTIONNAIRE COMMUNISTES";0;"0,00%";"0,00%";0;10;LDIV;"PARTI PIRATE";"PARTI PIRATE";0;"0,00%";"0,00%";0;11;LENS;"BESOIN D'EUROPE";"BESOIN D'EUROPE";42;"6,46%";"14,09%";13;12;LDIV;PACE;"PACE - PARTI DES CITOYENS EUROPÉENS, POUR L'ARMÉE EUROPÉENNE, POUR L'EUROPE SOCIALE , POUR LA PLANÈTE !";0;"0,00%";"0,00%";0;13;LECO;ÉQUINOXE;"ÉQUINOXE : ÉCOLOGIE PRATIQUE ET RENOUVEAU DÉMOCRATIQUE";0;"0,00%";"0,00%";0;14;LECO;"ECOLOGIE POSITIVE";"ECOLOGIE POSITIVE ET TERRITOIRES";1;"0,15%";"0,34%";0;15;LDIV;"LISTE ASSELINEAU-FREXIT";"LISTE ASSELINEAU-FREXIT, POUR LE POUVOIR D'ACHAT ET POUR LA PAIX";1;"0,15%";"0,34%";0;16;LEXG;"PAIX ET DECROISSANCE";"PAIX ET DECROISSANCE";0;"0,00%";"0,00%";0;17;LDIV;"POUR UNE AUTRE EUROPE";"POUR UNE AUTRE EUROPE";0;"0,00%";"0,00%";0;18;LLR;"LA DROITE POUR FAIRE ENTENDRE LA VOIX DE LA FRANCE EN EUROPE";"LA DROITE POUR FAIRE ENTENDRE LA VOIX DE LA FRANCE EN EUROPE";24;"3,69%";"8,05%";6;19;LEXG;"LUTTE OUVRIERE";"LUTTE OUVRIERE - LE CAMP DES TRAVAILLEURS";0;"0,00%";"0,00%";0;20;LDVG;"CHANGER L'EUROPE";"CHANGER L'EUROPE";0;"0,00%";"0,00%";0;21;LDIV;NLP;"NOUS LE PEUPLE";0;"0,00%";"0,00%";0;22;LEXG;"URGENCE REVOLUTION !";"POUR UN MONDE SANS FRONTIERES NI PATRONS, URGENCE REVOLUTION !";0;"0,00%";"0,00%";0;23;LEXG;PPL;"""POUR LE PAIN, LA PAIX, LA LIBERTÉ !"" PRÉSENTÉE PAR LE PARTI DES TRAVAILLEURS";0;"0,00%";"0,00%";0;24;LEXD;"L'EUROPE CA SUFFIT !";"L'EUROPE CA SUFFIT !";2;"0,31%";"0,67%";0;25;LDIV;"PRENONS-NOUS EN MAIN";"NON ! PRENONS-NOUS EN MAINS";0;"0,00%";"0,00%";0;26;LEXD;"FORTERESSE EUROPE";"FORTERESSE EUROPE - LISTE D'UNITE NATIONALISTE";0;"0,00%";"0,00%";0;27;LUG;"REVEIL EUR";"RÉVEILLER L'EUROPE";43;"6,62%";"14,43%";13;28;LEXG;"NON À L'UE ET À L'OTAN, COMMUNISTES POUR LA PAIX ET LE PROGRÈS SOCIAL";"NON À L'UE ET À L'OTAN, COMMUNISTES POUR LA PAIX ET LE PROGRÈS SOCIAL";0;"0,00%";"0,00%";0;29;LDVD;AR;"ALLIANCE RURALE";3;"0,46%";"1,01%";0;30;LDIV;"FRANCE LIBRE";"FRANCE LIBRE";0;"0,00%";"0,00%";0;31;LDVG;"EUROPE TERRITOIRES ÉCOLOGIE";"EUROPE TERRITOIRES ÉCOLOGIE";0;"0,00%";"0,00%";0;32;LDIV;"LA RUCHE CITOYENNE";"LA RUCHE CITOYENNE";0;"0,00%";"0,00%";0;33;LCOM;"GAUCHE UNIE";"GAUCHE UNIE POUR LE MONDE DU TRAVAIL SOUTENUE PAR FABIEN ROUSSEL";10;"1,54%";"3,36%";0;34;LDIV;"DEFENDRE LES ENFANTS";"DEFENDRE LES ENFANTS";0;"0,00%";"0,00%";0;35;LECO;EAC;"ÉCOLOGIE AU CENTRE";3;"0,46%";"1,01%";0;36;LDIV;"DEMOCRATIE REPRESENTATIVE";"DEMOCRATIE REPRESENTATIVE";0;"0,00%";"0,00%";0;37;LDIV;ESPERANTO;"ESPERANTO LANGUE COMMUNE";1;"0,15%";"0,34%";0;38;LDIV;"LIBERTÉ DÉMOCRATIQUE FRANÇAISE";"LIBERTÉ DÉMOCRATIQUE FRANÇAISE";0;"0,00%";"0,00%";0
FE;"France entière";"72";Sarthe;"72154";"La Flèche";"0007";649;365;"56,24%";284;"43,76%";338;"52,08%";"92,60%";6;"0,92%";"1,64%";21;"3,24%";"5,75%";1;LDIV;"HUMANITE SOUVERAINE";"POUR UNE HUMANITE SOUVERAINE";0;"0,00%";"0,00%";0;2;LDIV;"POUR UNE DEMOCRATIE REELLE : DECIDONS NOUS-MEMES !";"POUR UNE DEMOCRATIE REELLE : DECIDONS NOUS-MEMES !";0;"0,00%";"0,00%";0;3;LREC;"LA FRANCE FIERE, MENEE PAR MARION MARECHAL ET SOUTENUE PAR ÉRIC ZEMMOUR";"LA FRANCE FIERE, MENEE PAR MARION MARECHAL ET SOUTENUE PAR ÉRIC ZEMMOUR";12;"1,85%";"3,55%";5;4;LFI;"LFI - UP";"LA FRANCE INSOUMISE - UNION POPULAIRE";26;"4,01%";"7,69%";9;5;LRN;"La FRANCE REVIENT";"LA FRANCE REVIENT ! AVEC JORDAN BARDELLA ET MARINE LE PEN";106;"16,33%";"31,36%";30;6;LVEC;"EUROPE ÉCOLOGIE";"EUROPE ÉCOLOGIE";12;"1,85%";"3,55%";5;7;LDIV;"FREE PALESTINE";"FREE PALESTINE";0;"0,00%";"0,00%";0;8;LDIV;"PARTI ANIMALISTE";"PARTI ANIMALISTE - LES ANIMAUX COMPTENT, VOTRE VOIX AUSSI";6;"0,92%";"1,78%";0;9;LEXG;"PARTI REVOLUTIONNAIRE COMMUNISTES";"PARTI REVOLUTIONNAIRE COMMUNISTES";0;"0,00%";"0,00%";0;10;LDIV;"PARTI PIRATE";"PARTI PIRATE";0;"0,00%";"0,00%";0;11;LENS;"BESOIN D'EUROPE";"BESOIN D'EUROPE";61;"9,40%";"18,05%";13;12;LDIV;PACE;"PACE - PARTI DES CITOYENS EUROPÉENS, POUR L'ARMÉE EUROPÉENNE, POUR L'EUROPE SOCIALE , POUR LA PLANÈTE !";0;"0,00%";"0,00%";0;13;LECO;ÉQUINOXE;"ÉQUINOXE : ÉCOLOGIE PRATIQUE ET RENOUVEAU DÉMOCRATIQUE";1;"0,15%";"0,30%";0;14;LECO;"ECOLOGIE POSITIVE";"ECOLOGIE POSITIVE ET TERRITOIRES";1;"0,15%";"0,30%";0;15;LDIV;"LISTE ASSELINEAU-FREXIT";"LISTE ASSELINEAU-FREXIT, POUR LE POUVOIR D'ACHAT ET POUR LA PAIX";1;"0,15%";"0,30%";0;16;LEXG;"PAIX ET DECROISSANCE";"PAIX ET DECROISSANCE";0;"0,00%";"0,00%";0;17;LDIV;"POUR UNE AUTRE EUROPE";"POUR UNE AUTRE EUROPE";0;"0,00%";"0,00%";0;18;LLR;"LA DROITE POUR FAIRE ENTENDRE LA VOIX DE LA FRANCE EN EUROPE";"LA DROITE POUR FAIRE ENTENDRE LA VOIX DE LA FRANCE EN EUROPE";23;"3,54%";"6,80%";6;19;LEXG;"LUTTE OUVRIERE";"LUTTE OUVRIERE - LE CAMP DES TRAVAILLEURS";2;"0,31%";"0,59%";0;20;LDVG;"CHANGER L'EUROPE";"CHANGER L'EUROPE";0;"0,00%";"0,00%";0;21;LDIV;NLP;"NOUS LE PEUPLE";0;"0,00%";"0,00%";0;22;LEXG;"URGENCE REVOLUTION !";"POUR UN MONDE SANS FRONTIERES NI PATRONS, URGENCE REVOLUTION !";0;"0,00%";"0,00%";0;23;LEXG;PPL;"""POUR LE PAIN, LA PAIX, LA LIBERTÉ !"" PRÉSENTÉE PAR LE PARTI DES TRAVAILLEURS";0;"0,00%";"0,00%";0;24;LEXD;"L'EUROPE CA SUFFIT !";"L'EUROPE CA SUFFIT !";0;"0,00%";"0,00%";0;25;LDIV;"PRENONS-NOUS EN MAIN";"NON ! PRENONS-NOUS EN MAINS";0;"0,00%";"0,00%";0;26;LEXD;"FORTERESSE EUROPE";"FORTERESSE EUROPE - LISTE D'UNITE NATIONALISTE";0;"0,00%";"0,00%";0;27;LUG;"REVEIL EUR";"RÉVEILLER L'EUROPE";60;"9,24%";"17,75%";13;28;LEXG;"NON À L'UE ET À L'OTAN, COMMUNISTES POUR LA PAIX ET LE PROGRÈS SOCIAL";"NON À L'UE ET À L'OTAN, COMMUNISTES POUR LA PAIX ET LE PROGRÈS SOCIAL";0;"0,00%";"0,00%";0;29;LDVD;AR;"ALLIANCE RURALE";7;"1,08%";"2,07%";0;30;LDIV;"FRANCE LIBRE";"FRANCE LIBRE";0;"0,00%";"0,00%";0;31;LDVG;"EUROPE TERRITOIRES ÉCOLOGIE";"EUROPE TERRITOIRES ÉCOLOGIE";0;"0,00%";"0,00%";0;32;LDIV;"LA RUCHE CITOYENNE";"LA RUCHE CITOYENNE";0;"0,00%";"0,00%";0;33;LCOM;"GAUCHE UNIE";"GAUCHE UNIE POUR LE MONDE DU TRAVAIL SOUTENUE PAR FABIEN ROUSSEL";16;"2,47%";"4,73%";0;34;LDIV;"DEFENDRE LES ENFANTS";"DEFENDRE LES ENFANTS";0;"0,00%";"0,00%";0;35;LECO;EAC;"ÉCOLOGIE AU CENTRE";4;"0,62%";"1,18%";0;36;LDIV;"DEMOCRATIE REPRESENTATIVE";"DEMOCRATIE REPRESENTATIVE";0;"0,00%";"0,00%";0;37;LDIV;ESPERANTO;"ESPERANTO LANGUE COMMUNE";0;"0,00%";"0,00%";0;38;LDIV;"LIBERTÉ DÉMOCRATIQUE FRANÇAISE";"LIBERTÉ DÉMOCRATIQUE FRANÇAISE";0;"0,00%";"0,00%";0
FE;"France entière";"72";Sarthe;"72154";"La Flèche";"0008";475;265;"55,79%";210;"44,21%";252;"53,05%";"95,09%";7;"1,47%";"2,64%";6;"1,26%";"2,26%";1;LDIV;"HUMANITE SOUVERAINE";"POUR UNE HUMANITE SOUVERAINE";0;"0,00%";"0,00%";0;2;LDIV;"POUR UNE DEMOCRATIE REELLE : DECIDONS NOUS-MEMES !";"POUR UNE DEMOCRATIE REELLE : DECIDONS NOUS-MEMES !";0;"0,00%";"0,00%";0;3;LREC;"LA FRANCE FIERE, MENEE PAR MARION MARECHAL ET SOUTENUE PAR ÉRIC ZEMMOUR";"LA FRANCE FIERE, MENEE PAR MARION MARECHAL ET SOUTENUE PAR ÉRIC ZEMMOUR";14;"2,95%";"5,56%";5;4;LFI;"LFI - UP";"LA FRANCE INSOUMISE - UNION POPULAIRE";10;"2,11%";"3,97%";9;5;LRN;"La FRANCE REVIENT";"LA FRANCE REVIENT ! AVEC JORDAN BARDELLA ET MARINE LE PEN";109;"22,95%";"43,25%";30;6;LVEC;"EUROPE ÉCOLOGIE";"EUROPE ÉCOLOGIE";18;"3,79%";"7,14%";5;7;LDIV;"FREE PALESTINE";"FREE PALESTINE";0;"0,00%";"0,00%";0;8;LDIV;"PARTI ANIMALISTE";"PARTI ANIMALISTE - LES ANIMAUX COMPTENT, VOTRE VOIX AUSSI";5;"1,05%";"1,98%";0;9;LEXG;"PARTI REVOLUTIONNAIRE COMMUNISTES";"PARTI REVOLUTIONNAIRE COMMUNISTES";0;"0,00%";"0,00%";0;10;LDIV;"PARTI PIRATE";"PARTI PIRATE";0;"0,00%";"0,00%";0;11;LENS;"BESOIN D'EUROPE";"BESOIN D'EUROPE";34;"7,16%";"13,49%";13;12;LDIV;PACE;"PACE - PARTI DES CITOYENS EUROPÉENS, POUR L'ARMÉE EUROPÉENNE, POUR L'EUROPE SOCIALE , POUR LA PLANÈTE !";0;"0,00%";"0,00%";0;13;LECO;ÉQUINOXE;"ÉQUINOXE : ÉCOLOGIE PRATIQUE ET RENOUVEAU DÉMOCRATIQUE";0;"0,00%";"0,00%";0;14;LECO;"ECOLOGIE POSITIVE";"ECOLOGIE POSITIVE ET TERRITOIRES";2;"0,42%";"0,79%";0;15;LDIV;"LISTE ASSELINEAU-FREXIT";"LISTE ASSELINEAU-FREXIT, POUR LE POUVOIR D'ACHAT ET POUR LA PAIX";0;"0,00%";"0,00%";0;16;LEXG;"PAIX ET DECROISSANCE";"PAIX ET DECROISSANCE";0;"0,00%";"0,00%";0;17;LDIV;"POUR UNE AUTRE EUROPE";"POUR UNE AUTRE EUROPE";0;"0,00%";"0,00%";0;18;LLR;"LA DROITE POUR FAIRE ENTENDRE LA VOIX DE LA FRANCE EN EUROPE";"LA DROITE POUR FAIRE ENTENDRE LA VOIX DE LA FRANCE EN EUROPE";12;"2,53%";"4,76%";6;19;LEXG;"LUTTE OUVRIERE";"LUTTE OUVRIERE - LE CAMP DES TRAVAILLEURS";2;"0,42%";"0,79%";0;20;LDVG;"CHANGER L'EUROPE";"CHANGER L'EUROPE";0;"0,00%";"0,00%";0;21;LDIV;NLP;"NOUS LE PEUPLE";0;"0,00%";"0,00%";0;22;LEXG;"URGENCE REVOLUTION !";"POUR UN MONDE SANS FRONTIERES NI PATRONS, URGENCE REVOLUTION !";1;"0,21%";"0,40%";0;23;LEXG;PPL;"""POUR LE PAIN, LA PAIX, LA LIBERTÉ !"" PRÉSENTÉE PAR LE PARTI DES TRAVAILLEURS";0;"0,00%";"0,00%";0;24;LEXD;"L'EUROPE CA SUFFIT !";"L'EUROPE CA SUFFIT !";1;"0,21%";"0,40%";0;25;LDIV;"PRENONS-NOUS EN MAIN";"NON ! PRENONS-NOUS EN MAINS";0;"0,00%";"0,00%";0;26;LEXD;"FORTERESSE EUROPE";"FORTERESSE EUROPE - LISTE D'UNITE NATIONALISTE";0;"0,00%";"0,00%";0;27;LUG;"REVEIL EUR";"RÉVEILLER L'EUROPE";29;"6,11%";"11,51%";13;28;LEXG;"NON À L'UE ET À L'OTAN, COMMUNISTES POUR LA PAIX ET LE PROGRÈS SOCIAL";"NON À L'UE ET À L'OTAN, COMMUNISTES POUR LA PAIX ET LE PROGRÈS SOCIAL";0;"0,00%";"0,00%";0;29;LDVD;AR;"ALLIANCE RURALE";4;"0,84%";"1,59%";0;30;LDIV;"FRANCE LIBRE";"FRANCE LIBRE";0;"0,00%";"0,00%";0;31;LDVG;"EUROPE TERRITOIRES ÉCOLOGIE";"EUROPE TERRITOIRES ÉCOLOGIE";3;"0,63%";"1,19%";0;32;LDIV;"LA RUCHE CITOYENNE";"LA RUCHE CITOYENNE";0;"0,00%";"0,00%";0;33;LCOM;"GAUCHE UNIE";"GAUCHE UNIE POUR LE MONDE DU TRAVAIL SOUTENUE PAR FABIEN ROUSSEL";3;"0,63%";"1,19%";0;34;LDIV;"DEFENDRE LES ENFANTS";"DEFENDRE LES ENFANTS";0;"0,00%";"0,00%";0;35;LECO;EAC;"ÉCOLOGIE AU CENTRE";5;"1,05%";"1,98%";0;36;LDIV;"DEMOCRATIE REPRESENTATIVE";"DEMOCRATIE REPRESENTATIVE";0;"0,00%";"0,00%";0;37;LDIV;ESPERANTO;"ESPERANTO LANGUE COMMUNE";0;"0,00%";"0,00%";0;38;LDIV;"LIBERTÉ DÉMOCRATIQUE FRANÇAISE";"LIBERTÉ DÉMOCRATIQUE FRANÇAISE";0;"0,00%";"0,00%";0
FE;"France entière";"72";Sarthe;"72154";"La Flèche";"0009";537;301;"56,05%";236;"43,95%";282;"52,51%";"93,69%";4;"0,74%";"1,33%";15;"2,79%";"4,98%";1;LDIV;"HUMANITE SOUVERAINE";"POUR UNE HUMANITE SOUVERAINE";0;"0,00%";"0,00%";0;2;LDIV;"POUR UNE DEMOCRATIE REELLE : DECIDONS NOUS-MEMES !";"POUR UNE DEMOCRATIE REELLE : DECIDONS NOUS-MEMES !";0;"0,00%";"0,00%";0;3;LREC;"LA FRANCE FIERE, MENEE PAR MARION MARECHAL ET SOUTENUE PAR ÉRIC ZEMMOUR";"LA FRANCE FIERE, MENEE PAR MARION MARECHAL ET SOUTENUE PAR ÉRIC ZEMMOUR";17;"3,17%";"6,03%";5;4;LFI;"LFI - UP";"LA FRANCE INSOUMISE - UNION POPULAIRE";13;"2,42%";"4,61%";9;5;LRN;"La FRANCE REVIENT";"LA FRANCE REVIENT ! AVEC JORDAN BARDELLA ET MARINE LE PEN";113;"21,04%";"40,07%";30;6;LVEC;"EUROPE ÉCOLOGIE";"EUROPE ÉCOLOGIE";12;"2,23%";"4,26%";5;7;LDIV;"FREE PALESTINE";"FREE PALESTINE";0;"0,00%";"0,00%";0;8;LDIV;"PARTI ANIMALISTE";"PARTI ANIMALISTE - LES ANIMAUX COMPTENT, VOTRE VOIX AUSSI";5;"0,93%";"1,77%";0;9;LEXG;"PARTI REVOLUTIONNAIRE COMMUNISTES";"PARTI REVOLUTIONNAIRE COMMUNISTES";0;"0,00%";"0,00%";0;10;LDIV;"PARTI PIRATE";"PARTI PIRATE";0;"0,00%";"0,00%";0;11;LENS;"BESOIN D'EUROPE";"BESOIN D'EUROPE";37;"6,89%";"13,12%";13;12;LDIV;PACE;"PACE - PARTI DES CITOYENS EUROPÉENS, POUR L'ARMÉE EUROPÉENNE, POUR L'EUROPE SOCIALE , POUR LA PLANÈTE !";0;"0,00%";"0,00%";0;13;LECO;ÉQUINOXE;"ÉQUINOXE : ÉCOLOGIE PRATIQUE ET RENOUVEAU DÉMOCRATIQUE";0;"0,00%";"0,00%";0;14;LECO;"ECOLOGIE POSITIVE";"ECOLOGIE POSITIVE ET TERRITOIRES";1;"0,19%";"0,35%";0;15;LDIV;"LISTE ASSELINEAU-FREXIT";"LISTE ASSELINEAU-FREXIT, POUR LE POUVOIR D'ACHAT ET POUR LA PAIX";1;"0,19%";"0,35%";0;16;LEXG;"PAIX ET DECROISSANCE";"PAIX ET DECROISSANCE";0;"0,00%";"0,00%";0;17;LDIV;"POUR UNE AUTRE EUROPE";"POUR UNE AUTRE EUROPE";0;"0,00%";"0,00%";0;18;LLR;"LA DROITE POUR FAIRE ENTENDRE LA VOIX DE LA FRANCE EN EUROPE";"LA DROITE POUR FAIRE ENTENDRE LA VOIX DE LA FRANCE EN EUROPE";18;"3,35%";"6,38%";6;19;LEXG;"LUTTE OUVRIERE";"LUTTE OUVRIERE - LE CAMP DES TRAVAILLEURS";5;"0,93%";"1,77%";0;20;LDVG;"CHANGER L'EUROPE";"CHANGER L'EUROPE";0;"0,00%";"0,00%";0;21;LDIV;NLP;"NOUS LE PEUPLE";0;"0,00%";"0,00%";0;22;LEXG;"URGENCE REVOLUTION !";"POUR UN MONDE SANS FRONTIERES NI PATRONS, URGENCE REVOLUTION !";1;"0,19%";"0,35%";0;23;LEXG;PPL;"""POUR LE PAIN, LA PAIX, LA LIBERTÉ !"" PRÉSENTÉE PAR LE PARTI DES TRAVAILLEURS";0;"0,00%";"0,00%";0;24;LEXD;"L'EUROPE CA SUFFIT !";"L'EUROPE CA SUFFIT !";4;"0,74%";"1,42%";0;25;LDIV;"PRENONS-NOUS EN MAIN";"NON ! PRENONS-NOUS EN MAINS";0;"0,00%";"0,00%";0;26;LEXD;"FORTERESSE EUROPE";"FORTERESSE EUROPE - LISTE D'UNITE NATIONALISTE";0;"0,00%";"0,00%";0;27;LUG;"REVEIL EUR";"RÉVEILLER L'EUROPE";50;"9,31%";"17,73%";13;28;LEXG;"NON À L'UE ET À L'OTAN, COMMUNISTES POUR LA PAIX ET LE PROGRÈS SOCIAL";"NON À L'UE ET À L'OTAN, COMMUNISTES POUR LA PAIX ET LE PROGRÈS SOCIAL";0;"0,00%";"0,00%";0;29;LDVD;AR;"ALLIANCE RURALE";0;"0,00%";"0,00%";0;30;LDIV;"FRANCE LIBRE";"FRANCE LIBRE";0;"0,00%";"0,00%";0;31;LDVG;"EUROPE TERRITOIRES ÉCOLOGIE";"EUROPE TERRITOIRES ÉCOLOGIE";0;"0,00%";"0,00%";0;32;LDIV;"LA RUCHE CITOYENNE";"LA RUCHE CITOYENNE";0;"0,00%";"0,00%";0;33;LCOM;"GAUCHE UNIE";"GAUCHE UNIE POUR LE MONDE DU TRAVAIL SOUTENUE PAR FABIEN ROUSSEL";5;"0,93%";"1,77%";0;34;LDIV;"DEFENDRE LES ENFANTS";"DEFENDRE LES ENFANTS";0;"0,00%";"0,00%";0;35;LECO;EAC;"ÉCOLOGIE AU CENTRE";0;"0,00%";"0,00%";0;36;LDIV;"DEMOCRATIE REPRESENTATIVE";"DEMOCRATIE REPRESENTATIVE";0;"0,00%";"0,00%";0;37;LDIV;ESPERANTO;"ESPERANTO LANGUE COMMUNE";0;"0,00%";"0,00%";0;38;LDIV;"LIBERTÉ DÉMOCRATIQUE FRANÇAISE";"LIBERTÉ DÉMOCRATIQUE FRANÇAISE";0;"0,00%";"0,00%";0
FE;"France entière";"72";Sarthe;"72154";"La Flèche";"0010";501;307;"61,28%";194;"38,72%";297;"59,28%";"96,74%";5;"1,00%";"1,63%";5;"1,00%";"1,63%";1;LDIV;"HUMANITE SOUVERAINE";"POUR UNE HUMANITE SOUVERAINE";0;"0,00%";"0,00%";0;2;LDIV;"POUR UNE DEMOCRATIE REELLE : DECIDONS NOUS-MEMES !";"POUR UNE DEMOCRATIE REELLE : DECIDONS NOUS-MEMES !";0;"0,00%";"0,00%";0;3;LREC;"LA FRANCE FIERE, MENEE PAR MARION MARECHAL ET SOUTENUE PAR ÉRIC ZEMMOUR";"LA FRANCE FIERE, MENEE PAR MARION MARECHAL ET SOUTENUE PAR ÉRIC ZEMMOUR";15;"2,99%";"5,05%";5;4;LFI;"LFI - UP";"LA FRANCE INSOUMISE - UNION POPULAIRE";26;"5,19%";"8,75%";9;5;LRN;"La FRANCE REVIENT";"LA FRANCE REVIENT ! AVEC JORDAN BARDELLA ET MARINE LE PEN";68;"13,57%";"22,90%";30;6;LVEC;"EUROPE ÉCOLOGIE";"EUROPE ÉCOLOGIE";28;"5,59%";"9,43%";5;7;LDIV;"FREE PALESTINE";"FREE PALESTINE";0;"0,00%";"0,00%";0;8;LDIV;"PARTI ANIMALISTE";"PARTI ANIMALISTE - LES ANIMAUX COMPTENT, VOTRE VOIX AUSSI";3;"0,60%";"1,01%";0;9;LEXG;"PARTI REVOLUTIONNAIRE COMMUNISTES";"PARTI REVOLUTIONNAIRE COMMUNISTES";0;"0,00%";"0,00%";0;10;LDIV;"PARTI PIRATE";"PARTI PIRATE";0;"0,00%";"0,00%";0;11;LENS;"BESOIN D'EUROPE";"BESOIN D'EUROPE";53;"10,58%";"17,85%";13;12;LDIV;PACE;"PACE - PARTI DES CITOYENS EUROPÉENS, POUR L'ARMÉE EUROPÉENNE, POUR L'EUROPE SOCIALE , POUR LA PLANÈTE !";0;"0,00%";"0,00%";0;13;LECO;ÉQUINOXE;"ÉQUINOXE : ÉCOLOGIE PRATIQUE ET RENOUVEAU DÉMOCRATIQUE";2;"0,40%";"0,67%";0;14;LECO;"ECOLOGIE POSITIVE";"ECOLOGIE POSITIVE ET TERRITOIRES";1;"0,20%";"0,34%";0;15;LDIV;"LISTE ASSELINEAU-FREXIT";"LISTE ASSELINEAU-FREXIT, POUR LE POUVOIR D'ACHAT ET POUR LA PAIX";0;"0,00%";"0,00%";0;16;LEXG;"PAIX ET DECROISSANCE";"PAIX ET DECROISSANCE";0;"0,00%";"0,00%";0;17;LDIV;"POUR UNE AUTRE EUROPE";"POUR UNE AUTRE EUROPE";0;"0,00%";"0,00%";0;18;LLR;"LA DROITE POUR FAIRE ENTENDRE LA VOIX DE LA FRANCE EN EUROPE";"LA DROITE POUR FAIRE ENTENDRE LA VOIX DE LA FRANCE EN EUROPE";18;"3,59%";"6,06%";6;19;LEXG;"LUTTE OUVRIERE";"LUTTE OUVRIERE - LE CAMP DES TRAVAILLEURS";2;"0,40%";"0,67%";0;20;LDVG;"CHANGER L'EUROPE";"CHANGER L'EUROPE";0;"0,00%";"0,00%";0;21;LDIV;NLP;"NOUS LE PEUPLE";0;"0,00%";"0,00%";0;22;LEXG;"URGENCE REVOLUTION !";"POUR UN MONDE SANS FRONTIERES NI PATRONS, URGENCE REVOLUTION !";0;"0,00%";"0,00%";0;23;LEXG;PPL;"""POUR LE PAIN, LA PAIX, LA LIBERTÉ !"" PRÉSENTÉE PAR LE PARTI DES TRAVAILLEURS";0;"0,00%";"0,00%";0;24;LEXD;"L'EUROPE CA SUFFIT !";"L'EUROPE CA SUFFIT !";5;"1,00%";"1,68%";0;25;LDIV;"PRENONS-NOUS EN MAIN";"NON ! PRENONS-NOUS EN MAINS";0;"0,00%";"0,00%";0;26;LEXD;"FORTERESSE EUROPE";"FORTERESSE EUROPE - LISTE D'UNITE NATIONALISTE";0;"0,00%";"0,00%";0;27;LUG;"REVEIL EUR";"RÉVEILLER L'EUROPE";62;"12,38%";"20,88%";13;28;LEXG;"NON À L'UE ET À L'OTAN, COMMUNISTES POUR LA PAIX ET LE PROGRÈS SOCIAL";"NON À L'UE ET À L'OTAN, COMMUNISTES POUR LA PAIX ET LE PROGRÈS SOCIAL";0;"0,00%";"0,00%";0;29;LDVD;AR;"ALLIANCE RURALE";2;"0,40%";"0,67%";0;30;LDIV;"FRANCE LIBRE";"FRANCE LIBRE";0;"0,00%";"0,00%";0;31;LDVG;"EUROPE TERRITOIRES ÉCOLOGIE";"EUROPE TERRITOIRES ÉCOLOGIE";0;"0,00%";"0,00%";0;32;LDIV;"LA RUCHE CITOYENNE";"LA RUCHE CITOYENNE";0;"0,00%";"0,00%";0;33;LCOM;"GAUCHE UNIE";"GAUCHE UNIE POUR LE MONDE DU TRAVAIL SOUTENUE PAR FABIEN ROUSSEL";9;"1,80%";"3,03%";0;34;LDIV;"DEFENDRE LES ENFANTS";"DEFENDRE LES ENFANTS";0;"0,00%";"0,00%";0;35;LECO;EAC;"ÉCOLOGIE AU CENTRE";3;"0,60%";"1,01%";0;36;LDIV;"DEMOCRATIE REPRESENTATIVE";"DEMOCRATIE REPRESENTATIVE";0;"0,00%";"0,00%";0;37;LDIV;ESPERANTO;"ESPERANTO LANGUE COMMUNE";0;"0,00%";"0,00%";0;38;LDIV;"LIBERTÉ DÉMOCRATIQUE FRANÇAISE";"LIBERTÉ DÉMOCRATIQUE FRANÇAISE";0;"0,00%";"0,00%";0
FE;"France entière";"72";Sarthe;"72154";"La Flèche";"0011";549;279;"50,82%";270;"49,18%";273;"49,73%";"97,85%";1;"0,18%";"0,36%";5;"0,91%";"1,79%";1;LDIV;"HUMANITE SOUVERAINE";"POUR UNE HUMANITE SOUVERAINE";0;"0,00%";"0,00%";0;2;LDIV;"POUR UNE DEMOCRATIE REELLE : DECIDONS NOUS-MEMES !";"POUR UNE DEMOCRATIE REELLE : DECIDONS NOUS-MEMES !";0;"0,00%";"0,00%";0;3;LREC;"LA FRANCE FIERE, MENEE PAR MARION MARECHAL ET SOUTENUE PAR ÉRIC ZEMMOUR";"LA FRANCE FIERE, MENEE PAR MARION MARECHAL ET SOUTENUE PAR ÉRIC ZEMMOUR";23;"4,19%";"8,42%";5;4;LFI;"LFI - UP";"LA FRANCE INSOUMISE - UNION POPULAIRE";21;"3,83%";"7,69%";9;5;LRN;"La FRANCE REVIENT";"LA FRANCE REVIENT ! AVEC JORDAN BARDELLA ET MARINE LE PEN";66;"12,02%";"24,18%";30;6;LVEC;"EUROPE ÉCOLOGIE";"EUROPE ÉCOLOGIE";12;"2,19%";"4,40%";5;7;LDIV;"FREE PALESTINE";"FREE PALESTINE";0;"0,00%";"0,00%";0;8;LDIV;"PARTI ANIMALISTE";"PARTI ANIMALISTE - LES ANIMAUX COMPTENT, VOTRE VOIX AUSSI";1;"0,18%";"0,37%";0;9;LEXG;"PARTI REVOLUTIONNAIRE COMMUNISTES";"PARTI REVOLUTIONNAIRE COMMUNISTES";0;"0,00%";"0,00%";0;10;LDIV;"PARTI PIRATE";"PARTI PIRATE";0;"0,00%";"0,00%";0;11;LENS;"BESOIN D'EUROPE";"BESOIN D'EUROPE";45;"8,20%";"16,48%";13;12;LDIV;PACE;"PACE - PARTI DES CITOYENS EUROPÉENS, POUR L'ARMÉE EUROPÉENNE, POUR L'EUROPE SOCIALE , POUR LA PLANÈTE !";0;"0,00%";"0,00%";0;13;LECO;ÉQUINOXE;"ÉQUINOXE : ÉCOLOGIE PRATIQUE ET RENOUVEAU DÉMOCRATIQUE";1;"0,18%";"0,37%";0;14;LECO;"ECOLOGIE POSITIVE";"ECOLOGIE POSITIVE ET TERRITOIRES";2;"0,36%";"0,73%";0;15;LDIV;"LISTE ASSELINEAU-FREXIT";"LISTE ASSELINEAU-FREXIT, POUR LE POUVOIR D'ACHAT ET POUR LA PAIX";3;"0,55%";"1,10%";0;16;LEXG;"PAIX ET DECROISSANCE";"PAIX ET DECROISSANCE";0;"0,00%";"0,00%";0;17;LDIV;"POUR UNE AUTRE EUROPE";"POUR UNE AUTRE EUROPE";0;"0,00%";"0,00%";0;18;LLR;"LA DROITE POUR FAIRE ENTENDRE LA VOIX DE LA FRANCE EN EUROPE";"LA DROITE POUR FAIRE ENTENDRE LA VOIX DE LA FRANCE EN EUROPE";33;"6,01%";"12,09%";6;19;LEXG;"LUTTE OUVRIERE";"LUTTE OUVRIERE - LE CAMP DES TRAVAILLEURS";2;"0,36%";"0,73%";0;20;LDVG;"CHANGER L'EUROPE";"CHANGER L'EUROPE";0;"0,00%";"0,00%";0;21;LDIV;NLP;"NOUS LE PEUPLE";0;"0,00%";"0,00%";0;22;LEXG;"URGENCE REVOLUTION !";"POUR UN MONDE SANS FRONTIERES NI PATRONS, URGENCE REVOLUTION !";0;"0,00%";"0,00%";0;23;LEXG;PPL;"""POUR LE PAIN, LA PAIX, LA LIBERTÉ !"" PRÉSENTÉE PAR LE PARTI DES TRAVAILLEURS";0;"0,00%";"0,00%";0;24;LEXD;"L'EUROPE CA SUFFIT !";"L'EUROPE CA SUFFIT !";6;"1,09%";"2,20%";0;25;LDIV;"PRENONS-NOUS EN MAIN";"NON ! PRENONS-NOUS EN MAINS";0;"0,00%";"0,00%";0;26;LEXD;"FORTERESSE EUROPE";"FORTERESSE EUROPE - LISTE D'UNITE NATIONALISTE";0;"0,00%";"0,00%";0;27;LUG;"REVEIL EUR";"RÉVEILLER L'EUROPE";49;"8,93%";"17,95%";13;28;LEXG;"NON À L'UE ET À L'OTAN, COMMUNISTES POUR LA PAIX ET LE PROGRÈS SOCIAL";"NON À L'UE ET À L'OTAN, COMMUNISTES POUR LA PAIX ET LE PROGRÈS SOCIAL";0;"0,00%";"0,00%";0;29;LDVD;AR;"ALLIANCE RURALE";4;"0,73%";"1,47%";0;30;LDIV;"FRANCE LIBRE";"FRANCE LIBRE";0;"0,00%";"0,00%";0;31;LDVG;"EUROPE TERRITOIRES ÉCOLOGIE";"EUROPE TERRITOIRES ÉCOLOGIE";2;"0,36%";"0,73%";0;32;LDIV;"LA RUCHE CITOYENNE";"LA RUCHE CITOYENNE";0;"0,00%";"0,00%";0;33;LCOM;"GAUCHE UNIE";"GAUCHE UNIE POUR LE MONDE DU TRAVAIL SOUTENUE PAR FABIEN ROUSSEL";2;"0,36%";"0,73%";0;34;LDIV;"DEFENDRE LES ENFANTS";"DEFENDRE LES ENFANTS";0;"0,00%";"0,00%";0;35;LECO;EAC;"ÉCOLOGIE AU CENTRE";1;"0,18%";"0,37%";0;36;LDIV;"DEMOCRATIE REPRESENTATIVE";"DEMOCRATIE REPRESENTATIVE";0;"0,00%";"0,00%";0;37;LDIV;ESPERANTO;"ESPERANTO LANGUE COMMUNE";0;"0,00%";"0,00%";0;38;LDIV;"LIBERTÉ DÉMOCRATIQUE FRANÇAISE";"LIBERTÉ DÉMOCRATIQUE FRANÇAISE";0;"0,00%";"0,00%";0
FE;"France entière";"72";Sarthe;"72154";"La Flèche";"0012";531;295;"55,56%";236;"44,44%";285;"53,67%";"96,61%";4;"0,75%";"1,36%";6;"1,13%";"2,03%";1;LDIV;"HUMANITE SOUVERAINE";"POUR UNE HUMANITE SOUVERAINE";0;"0,00%";"0,00%";0;2;LDIV;"POUR UNE DEMOCRATIE REELLE : DECIDONS NOUS-MEMES !";"POUR UNE DEMOCRATIE REELLE : DECIDONS NOUS-MEMES !";0;"0,00%";"0,00%";0;3;LREC;"LA FRANCE FIERE, MENEE PAR MARION MARECHAL ET SOUTENUE PAR ÉRIC ZEMMOUR";"LA FRANCE FIERE, MENEE PAR MARION MARECHAL ET SOUTENUE PAR ÉRIC ZEMMOUR";14;"2,64%";"4,91%";5;4;LFI;"LFI - UP";"LA FRANCE INSOUMISE - UNION POPULAIRE";11;"2,07%";"3,86%";9;5;LRN;"La FRANCE REVIENT";"LA FRANCE REVIENT ! AVEC JORDAN BARDELLA ET MARINE LE PEN";91;"17,14%";"31,93%";30;6;LVEC;"EUROPE ÉCOLOGIE";"EUROPE ÉCOLOGIE";11;"2,07%";"3,86%";5;7;LDIV;"FREE PALESTINE";"FREE PALESTINE";0;"0,00%";"0,00%";0;8;LDIV;"PARTI ANIMALISTE";"PARTI ANIMALISTE - LES ANIMAUX COMPTENT, VOTRE VOIX AUSSI";5;"0,94%";"1,75%";0;9;LEXG;"PARTI REVOLUTIONNAIRE COMMUNISTES";"PARTI REVOLUTIONNAIRE COMMUNISTES";0;"0,00%";"0,00%";0;10;LDIV;"PARTI PIRATE";"PARTI PIRATE";0;"0,00%";"0,00%";0;11;LENS;"BESOIN D'EUROPE";"BESOIN D'EUROPE";70;"13,18%";"24,56%";13;12;LDIV;PACE;"PACE - PARTI DES CITOYENS EUROPÉENS, POUR L'ARMÉE EUROPÉENNE, POUR L'EUROPE SOCIALE , POUR LA PLANÈTE !";0;"0,00%";"0,00%";0;13;LECO;ÉQUINOXE;"ÉQUINOXE : ÉCOLOGIE PRATIQUE ET RENOUVEAU DÉMOCRATIQUE";1;"0,19%";"0,35%";0;14;LECO;"ECOLOGIE POSITIVE";"ECOLOGIE POSITIVE ET TERRITOIRES";1;"0,19%";"0,35%";0;15;LDIV;"LISTE ASSELINEAU-FREXIT";"LISTE ASSELINEAU-FREXIT, POUR LE POUVOIR D'ACHAT ET POUR LA PAIX";3;"0,56%";"1,05%";0;16;LEXG;"PAIX ET DECROISSANCE";"PAIX ET DECROISSANCE";0;"0,00%";"0,00%";0;17;LDIV;"POUR UNE AUTRE EUROPE";"POUR UNE AUTRE EUROPE";0;"0,00%";"0,00%";0;18;LLR;"LA DROITE POUR FAIRE ENTENDRE LA VOIX DE LA FRANCE EN EUROPE";"LA DROITE POUR FAIRE ENTENDRE LA VOIX DE LA FRANCE EN EUROPE";18;"3,39%";"6,32%";6;19;LEXG;"LUTTE OUVRIERE";"LUTTE OUVRIERE - LE CAMP DES TRAVAILLEURS";3;"0,56%";"1,05%";0;20;LDVG;"CHANGER L'EUROPE";"CHANGER L'EUROPE";0;"0,00%";"0,00%";0;21;LDIV;NLP;"NOUS LE PEUPLE";0;"0,00%";"0,00%";0;22;LEXG;"URGENCE REVOLUTION !";"POUR UN MONDE SANS FRONTIERES NI PATRONS, URGENCE REVOLUTION !";0;"0,00%";"0,00%";0;23;LEXG;PPL;"""POUR LE PAIN, LA PAIX, LA LIBERTÉ !"" PRÉSENTÉE PAR LE PARTI DES TRAVAILLEURS";0;"0,00%";"0,00%";0;24;LEXD;"L'EUROPE CA SUFFIT !";"L'EUROPE CA SUFFIT !";2;"0,38%";"0,70%";0;25;LDIV;"PRENONS-NOUS EN MAIN";"NON ! PRENONS-NOUS EN MAINS";0;"0,00%";"0,00%";0;26;LEXD;"FORTERESSE EUROPE";"FORTERESSE EUROPE - LISTE D'UNITE NATIONALISTE";0;"0,00%";"0,00%";0;27;LUG;"REVEIL EUR";"RÉVEILLER L'EUROPE";43;"8,10%";"15,09%";13;28;LEXG;"NON À L'UE ET À L'OTAN, COMMUNISTES POUR LA PAIX ET LE PROGRÈS SOCIAL";"NON À L'UE ET À L'OTAN, COMMUNISTES POUR LA PAIX ET LE PROGRÈS SOCIAL";0;"0,00%";"0,00%";0;29;LDVD;AR;"ALLIANCE RURALE";3;"0,56%";"1,05%";0;30;LDIV;"FRANCE LIBRE";"FRANCE LIBRE";0;"0,00%";"0,00%";0;31;LDVG;"EUROPE TERRITOIRES ÉCOLOGIE";"EUROPE TERRITOIRES ÉCOLOGIE";1;"0,19%";"0,35%";0;32;LDIV;"LA RUCHE CITOYENNE";"LA RUCHE CITOYENNE";0;"0,00%";"0,00%";0;33;LCOM;"GAUCHE UNIE";"GAUCHE UNIE POUR LE MONDE DU TRAVAIL SOUTENUE PAR FABIEN ROUSSEL";5;"0,94%";"1,75%";0;34;LDIV;"DEFENDRE LES ENFANTS";"DEFENDRE LES ENFANTS";0;"0,00%";"0,00%";0;35;LECO;EAC;"ÉCOLOGIE AU CENTRE";3;"0,56%";"1,05%";0;36;LDIV;"DEMOCRATIE REPRESENTATIVE";"DEMOCRATIE REPRESENTATIVE";0;"0,00%";"0,00%";0;37;LDIV;ESPERANTO;"ESPERANTO LANGUE COMMUNE";0;"0,00%";"0,00%";0;38;LDIV;"LIBERTÉ DÉMOCRATIQUE FRANÇAISE";"LIBERTÉ DÉMOCRATIQUE FRANÇAISE";0;"0,00%";"0,00%";0
FE;"France entière";"72";Sarthe;"72154";"La Flèche";"0013";522;233;"44,64%";289;"55,36%";219;"41,95%";"93,99%";5;"0,96%";"2,15%";9;"1,72%";"3,86%";1;LDIV;"HUMANITE SOUVERAINE";"POUR UNE HUMANITE SOUVERAINE";0;"0,00%";"0,00%";0;2;LDIV;"POUR UNE DEMOCRATIE REELLE : DECIDONS NOUS-MEMES !";"POUR UNE DEMOCRATIE REELLE : DECIDONS NOUS-MEMES !";0;"0,00%";"0,00%";0;3;LREC;"LA FRANCE FIERE, MENEE PAR MARION MARECHAL ET SOUTENUE PAR ÉRIC ZEMMOUR";"LA FRANCE FIERE, MENEE PAR MARION MARECHAL ET SOUTENUE PAR ÉRIC ZEMMOUR";19;"3,64%";"8,68%";5;4;LFI;"LFI - UP";"LA FRANCE INSOUMISE - UNION POPULAIRE";10;"1,92%";"4,57%";9;5;LRN;"La FRANCE REVIENT";"LA FRANCE REVIENT ! AVEC JORDAN BARDELLA ET MARINE LE PEN";79;"15,13%";"36,07%";30;6;LVEC;"EUROPE ÉCOLOGIE";"EUROPE ÉCOLOGIE";6;"1,15%";"2,74%";5;7;LDIV;"FREE PALESTINE";"FREE PALESTINE";0;"0,00%";"0,00%";0;8;LDIV;"PARTI ANIMALISTE";"PARTI ANIMALISTE - LES ANIMAUX COMPTENT, VOTRE VOIX AUSSI";5;"0,96%";"2,28%";0;9;LEXG;"PARTI REVOLUTIONNAIRE COMMUNISTES";"PARTI REVOLUTIONNAIRE COMMUNISTES";0;"0,00%";"0,00%";0;10;LDIV;"PARTI PIRATE";"PARTI PIRATE";1;"0,19%";"0,46%";0;11;LENS;"BESOIN D'EUROPE";"BESOIN D'EUROPE";36;"6,90%";"16,44%";13;12;LDIV;PACE;"PACE - PARTI DES CITOYENS EUROPÉENS, POUR L'ARMÉE EUROPÉENNE, POUR L'EUROPE SOCIALE , POUR LA PLANÈTE !";0;"0,00%";"0,00%";0;13;LECO;ÉQUINOXE;"ÉQUINOXE : ÉCOLOGIE PRATIQUE ET RENOUVEAU DÉMOCRATIQUE";0;"0,00%";"0,00%";0;14;LECO;"ECOLOGIE POSITIVE";"ECOLOGIE POSITIVE ET TERRITOIRES";0;"0,00%";"0,00%";0;15;LDIV;"LISTE ASSELINEAU-FREXIT";"LISTE ASSELINEAU-FREXIT, POUR LE POUVOIR D'ACHAT ET POUR LA PAIX";3;"0,57%";"1,37%";0;16;LEXG;"PAIX ET DECROISSANCE";"PAIX ET DECROISSANCE";0;"0,00%";"0,00%";0;17;LDIV;"POUR UNE AUTRE EUROPE";"POUR UNE AUTRE EUROPE";0;"0,00%";"0,00%";0;18;LLR;"LA DROITE POUR FAIRE ENTENDRE LA VOIX DE LA FRANCE EN EUROPE";"LA DROITE POUR FAIRE ENTENDRE LA VOIX DE LA FRANCE EN EUROPE";19;"3,64%";"8,68%";6;19;LEXG;"LUTTE OUVRIERE";"LUTTE OUVRIERE - LE CAMP DES TRAVAILLEURS";1;"0,19%";"0,46%";0;20;LDVG;"CHANGER L'EUROPE";"CHANGER L'EUROPE";0;"0,00%";"0,00%";0;21;LDIV;NLP;"NOUS LE PEUPLE";0;"0,00%";"0,00%";0;22;LEXG;"URGENCE REVOLUTION !";"POUR UN MONDE SANS FRONTIERES NI PATRONS, URGENCE REVOLUTION !";0;"0,00%";"0,00%";0;23;LEXG;PPL;"""POUR LE PAIN, LA PAIX, LA LIBERTÉ !"" PRÉSENTÉE PAR LE PARTI DES TRAVAILLEURS";0;"0,00%";"0,00%";0;24;LEXD;"L'EUROPE CA SUFFIT !";"L'EUROPE CA SUFFIT !";4;"0,77%";"1,83%";0;25;LDIV;"PRENONS-NOUS EN MAIN";"NON ! PRENONS-NOUS EN MAINS";0;"0,00%";"0,00%";0;26;LEXD;"FORTERESSE EUROPE";"FORTERESSE EUROPE - LISTE D'UNITE NATIONALISTE";0;"0,00%";"0,00%";0;27;LUG;"REVEIL EUR";"RÉVEILLER L'EUROPE";24;"4,60%";"10,96%";13;28;LEXG;"NON À L'UE ET À L'OTAN, COMMUNISTES POUR LA PAIX ET LE PROGRÈS SOCIAL";"NON À L'UE ET À L'OTAN, COMMUNISTES POUR LA PAIX ET LE PROGRÈS SOCIAL";0;"0,00%";"0,00%";0;29;LDVD;AR;"ALLIANCE RURALE";5;"0,96%";"2,28%";0;30;LDIV;"FRANCE LIBRE";"FRANCE LIBRE";0;"0,00%";"0,00%";0;31;LDVG;"EUROPE TERRITOIRES ÉCOLOGIE";"EUROPE TERRITOIRES ÉCOLOGIE";1;"0,19%";"0,46%";0;32;LDIV;"LA RUCHE CITOYENNE";"LA RUCHE CITOYENNE";0;"0,00%";"0,00%";0;33;LCOM;"GAUCHE UNIE";"GAUCHE UNIE POUR LE MONDE DU TRAVAIL SOUTENUE PAR FABIEN ROUSSEL";3;"0,57%";"1,37%";0;34;LDIV;"DEFENDRE LES ENFANTS";"DEFENDRE LES ENFANTS";0;"0,00%";"0,00%";0;35;LECO;EAC;"ÉCOLOGIE AU CENTRE";3;"0,57%";"1,37%";0;36;LDIV;"DEMOCRATIE REPRESENTATIVE";"DEMOCRATIE REPRESENTATIVE";0;"0,00%";"0,00%";0;37;LDIV;ESPERANTO;"ESPERANTO LANGUE COMMUNE";0;"0,00%";"0,00%";0;38;LDIV;"LIBERTÉ DÉMOCRATIQUE FRANÇAISE";"LIBERTÉ DÉMOCRATIQUE FRANÇAISE";0;"0,00%";"0,00%";0
FE;"France entière";"72";Sarthe;"72154";"La Flèche";"0014";596;326;"54,70%";270;"45,30%";313;"52,52%";"96,01%";5;"0,84%";"1,53%";8;"1,34%";"2,45%";1;LDIV;"HUMANITE SOUVERAINE";"POUR UNE HUMANITE SOUVERAINE";0;"0,00%";"0,00%";0;2;LDIV;"POUR UNE DEMOCRATIE REELLE : DECIDONS NOUS-MEMES !";"POUR UNE DEMOCRATIE REELLE : DECIDONS NOUS-MEMES !";0;"0,00%";"0,00%";0;3;LREC;"LA FRANCE FIERE, MENEE PAR MARION MARECHAL ET SOUTENUE PAR ÉRIC ZEMMOUR";"LA FRANCE FIERE, MENEE PAR MARION MARECHAL ET SOUTENUE PAR ÉRIC ZEMMOUR";21;"3,52%";"6,71%";5;4;LFI;"LFI - UP";"LA FRANCE INSOUMISE - UNION POPULAIRE";15;"2,52%";"4,79%";9;5;LRN;"La FRANCE REVIENT";"LA FRANCE REVIENT ! AVEC JORDAN BARDELLA ET MARINE LE PEN";115;"19,30%";"36,74%";30;6;LVEC;"EUROPE ÉCOLOGIE";"EUROPE ÉCOLOGIE";14;"2,35%";"4,47%";5;7;LDIV;"FREE PALESTINE";"FREE PALESTINE";0;"0,00%";"0,00%";0;8;LDIV;"PARTI ANIMALISTE";"PARTI ANIMALISTE - LES ANIMAUX COMPTENT, VOTRE VOIX AUSSI";9;"1,51%";"2,88%";0;9;LEXG;"PARTI REVOLUTIONNAIRE COMMUNISTES";"PARTI REVOLUTIONNAIRE COMMUNISTES";0;"0,00%";"0,00%";0;10;LDIV;"PARTI PIRATE";"PARTI PIRATE";0;"0,00%";"0,00%";0;11;LENS;"BESOIN D'EUROPE";"BESOIN D'EUROPE";40;"6,71%";"12,78%";13;12;LDIV;PACE;"PACE - PARTI DES CITOYENS EUROPÉENS, POUR L'ARMÉE EUROPÉENNE, POUR L'EUROPE SOCIALE , POUR LA PLANÈTE !";0;"0,00%";"0,00%";0;13;LECO;ÉQUINOXE;"ÉQUINOXE : ÉCOLOGIE PRATIQUE ET RENOUVEAU DÉMOCRATIQUE";1;"0,17%";"0,32%";0;14;LECO;"ECOLOGIE POSITIVE";"ECOLOGIE POSITIVE ET TERRITOIRES";2;"0,34%";"0,64%";0;15;LDIV;"LISTE ASSELINEAU-FREXIT";"LISTE ASSELINEAU-FREXIT, POUR LE POUVOIR D'ACHAT ET POUR LA PAIX";2;"0,34%";"0,64%";0;16;LEXG;"PAIX ET DECROISSANCE";"PAIX ET DECROISSANCE";0;"0,00%";"0,00%";0;17;LDIV;"POUR UNE AUTRE EUROPE";"POUR UNE AUTRE EUROPE";0;"0,00%";"0,00%";0;18;LLR;"LA DROITE POUR FAIRE ENTENDRE LA VOIX DE LA FRANCE EN EUROPE";"LA DROITE POUR FAIRE ENTENDRE LA VOIX DE LA FRANCE EN EUROPE";18;"3,02%";"5,75%";6;19;LEXG;"LUTTE OUVRIERE";"LUTTE OUVRIERE - LE CAMP DES TRAVAILLEURS";3;"0,50%";"0,96%";0;20;LDVG;"CHANGER L'EUROPE";"CHANGER L'EUROPE";0;"0,00%";"0,00%";0;21;LDIV;NLP;"NOUS LE PEUPLE";0;"0,00%";"0,00%";0;22;LEXG;"URGENCE REVOLUTION !";"POUR UN MONDE SANS FRONTIERES NI PATRONS, URGENCE REVOLUTION !";0;"0,00%";"0,00%";0;23;LEXG;PPL;"""POUR LE PAIN, LA PAIX, LA LIBERTÉ !"" PRÉSENTÉE PAR LE PARTI DES TRAVAILLEURS";0;"0,00%";"0,00%";0;24;LEXD;"L'EUROPE CA SUFFIT !";"L'EUROPE CA SUFFIT !";2;"0,34%";"0,64%";0;25;LDIV;"PRENONS-NOUS EN MAIN";"NON ! PRENONS-NOUS EN MAINS";0;"0,00%";"0,00%";0;26;LEXD;"FORTERESSE EUROPE";"FORTERESSE EUROPE - LISTE D'UNITE NATIONALISTE";0;"0,00%";"0,00%";0;27;LUG;"REVEIL EUR";"RÉVEILLER L'EUROPE";53;"8,89%";"16,93%";13;28;LEXG;"NON À L'UE ET À L'OTAN, COMMUNISTES POUR LA PAIX ET LE PROGRÈS SOCIAL";"NON À L'UE ET À L'OTAN, COMMUNISTES POUR LA PAIX ET LE PROGRÈS SOCIAL";0;"0,00%";"0,00%";0;29;LDVD;AR;"ALLIANCE RURALE";7;"1,17%";"2,24%";0;30;LDIV;"FRANCE LIBRE";"FRANCE LIBRE";0;"0,00%";"0,00%";0;31;LDVG;"EUROPE TERRITOIRES ÉCOLOGIE";"EUROPE TERRITOIRES ÉCOLOGIE";1;"0,17%";"0,32%";0;32;LDIV;"LA RUCHE CITOYENNE";"LA RUCHE CITOYENNE";0;"0,00%";"0,00%";0;33;LCOM;"GAUCHE UNIE";"GAUCHE UNIE POUR LE MONDE DU TRAVAIL SOUTENUE PAR FABIEN ROUSSEL";6;"1,01%";"1,92%";0;34;LDIV;"DEFENDRE LES ENFANTS";"DEFENDRE LES ENFANTS";0;"0,00%";"0,00%";0;35;LECO;EAC;"ÉCOLOGIE AU CENTRE";4;"0,67%";"1,28%";0;36;LDIV;"DEMOCRATIE REPRESENTATIVE";"DEMOCRATIE REPRESENTATIVE";0;"0,00%";"0,00%";0;37;LDIV;ESPERANTO;"ESPERANTO LANGUE COMMUNE";0;"0,00%";"0,00%";0;38;LDIV;"LIBERTÉ DÉMOCRATIQUE FRANÇAISE";"LIBERTÉ DÉMOCRATIQUE FRANÇAISE";0;"0,00%";"0,00%";0
FE;"France entière";"72";Sarthe;"72154";"La Flèche";"0015";817;467;"57,16%";350;"42,84%";428;"52,39%";"91,65%";17;"2,08%";"3,64%";22;"2,69%";"4,71%";1;LDIV;"HUMANITE SOUVERAINE";"POUR UNE HUMANITE SOUVERAINE";0;"0,00%";"0,00%";0;2;LDIV;"POUR UNE DEMOCRATIE REELLE : DECIDONS NOUS-MEMES !";"POUR UNE DEMOCRATIE REELLE : DECIDONS NOUS-MEMES !";0;"0,00%";"0,00%";0;3;LREC;"LA FRANCE FIERE, MENEE PAR MARION MARECHAL ET SOUTENUE PAR ÉRIC ZEMMOUR";"LA FRANCE FIERE, MENEE PAR MARION MARECHAL ET SOUTENUE PAR ÉRIC ZEMMOUR";30;"3,67%";"7,01%";5;4;LFI;"LFI - UP";"LA FRANCE INSOUMISE - UNION POPULAIRE";15;"1,84%";"3,50%";9;5;LRN;"La FRANCE REVIENT";"LA FRANCE REVIENT ! AVEC JORDAN BARDELLA ET MARINE LE PEN";171;"20,93%";"39,95%";30;6;LVEC;"EUROPE ÉCOLOGIE";"EUROPE ÉCOLOGIE";22;"2,69%";"5,14%";5;7;LDIV;"FREE PALESTINE";"FREE PALESTINE";0;"0,00%";"0,00%";0;8;LDIV;"PARTI ANIMALISTE";"PARTI ANIMALISTE - LES ANIMAUX COMPTENT, VOTRE VOIX AUSSI";7;"0,86%";"1,64%";0;9;LEXG;"PARTI REVOLUTIONNAIRE COMMUNISTES";"PARTI REVOLUTIONNAIRE COMMUNISTES";0;"0,00%";"0,00%";0;10;LDIV;"PARTI PIRATE";"PARTI PIRATE";1;"0,12%";"0,23%";0;11;LENS;"BESOIN D'EUROPE";"BESOIN D'EUROPE";58;"7,10%";"13,55%";13;12;LDIV;PACE;"PACE - PARTI DES CITOYENS EUROPÉENS, POUR L'ARMÉE EUROPÉENNE, POUR L'EUROPE SOCIALE , POUR LA PLANÈTE !";0;"0,00%";"0,00%";0;13;LECO;ÉQUINOXE;"ÉQUINOXE : ÉCOLOGIE PRATIQUE ET RENOUVEAU DÉMOCRATIQUE";0;"0,00%";"0,00%";0;14;LECO;"ECOLOGIE POSITIVE";"ECOLOGIE POSITIVE ET TERRITOIRES";0;"0,00%";"0,00%";0;15;LDIV;"LISTE ASSELINEAU-FREXIT";"LISTE ASSELINEAU-FREXIT, POUR LE POUVOIR D'ACHAT ET POUR LA PAIX";4;"0,49%";"0,93%";0;16;LEXG;"PAIX ET DECROISSANCE";"PAIX ET DECROISSANCE";0;"0,00%";"0,00%";0;17;LDIV;"POUR UNE AUTRE EUROPE";"POUR UNE AUTRE EUROPE";0;"0,00%";"0,00%";0;18;LLR;"LA DROITE POUR FAIRE ENTENDRE LA VOIX DE LA FRANCE EN EUROPE";"LA DROITE POUR FAIRE ENTENDRE LA VOIX DE LA FRANCE EN EUROPE";30;"3,67%";"7,01%";6;19;LEXG;"LUTTE OUVRIERE";"LUTTE OUVRIERE - LE CAMP DES TRAVAILLEURS";1;"0,12%";"0,23%";0;20;LDVG;"CHANGER L'EUROPE";"CHANGER L'EUROPE";0;"0,00%";"0,00%";0;21;LDIV;NLP;"NOUS LE PEUPLE";0;"0,00%";"0,00%";0;22;LEXG;"URGENCE REVOLUTION !";"POUR UN MONDE SANS FRONTIERES NI PATRONS, URGENCE REVOLUTION !";1;"0,12%";"0,23%";0;23;LEXG;PPL;"""POUR LE PAIN, LA PAIX, LA LIBERTÉ !"" PRÉSENTÉE PAR LE PARTI DES TRAVAILLEURS";0;"0,00%";"0,00%";0;24;LEXD;"L'EUROPE CA SUFFIT !";"L'EUROPE CA SUFFIT !";3;"0,37%";"0,70%";0;25;LDIV;"PRENONS-NOUS EN MAIN";"NON ! PRENONS-NOUS EN MAINS";0;"0,00%";"0,00%";0;26;LEXD;"FORTERESSE EUROPE";"FORTERESSE EUROPE - LISTE D'UNITE NATIONALISTE";0;"0,00%";"0,00%";0;27;LUG;"REVEIL EUR";"RÉVEILLER L'EUROPE";55;"6,73%";"12,85%";13;28;LEXG;"NON À L'UE ET À L'OTAN, COMMUNISTES POUR LA PAIX ET LE PROGRÈS SOCIAL";"NON À L'UE ET À L'OTAN, COMMUNISTES POUR LA PAIX ET LE PROGRÈS SOCIAL";0;"0,00%";"0,00%";0;29;LDVD;AR;"ALLIANCE RURALE";6;"0,73%";"1,40%";0;30;LDIV;"FRANCE LIBRE";"FRANCE LIBRE";0;"0,00%";"0,00%";0;31;LDVG;"EUROPE TERRITOIRES ÉCOLOGIE";"EUROPE TERRITOIRES ÉCOLOGIE";0;"0,00%";"0,00%";0;32;LDIV;"LA RUCHE CITOYENNE";"LA RUCHE CITOYENNE";0;"0,00%";"0,00%";0;33;LCOM;"GAUCHE UNIE";"GAUCHE UNIE POUR LE MONDE DU TRAVAIL SOUTENUE PAR FABIEN ROUSSEL";13;"1,59%";"3,04%";0;34;LDIV;"DEFENDRE LES ENFANTS";"DEFENDRE LES ENFANTS";0;"0,00%";"0,00%";0;35;LECO;EAC;"ÉCOLOGIE AU CENTRE";11;"1,35%";"2,57%";0;36;LDIV;"DEMOCRATIE REPRESENTATIVE";"DEMOCRATIE REPRESENTATIVE";0;"0,00%";"0,00%";0;37;LDIV;ESPERANTO;"ESPERANTO LANGUE COMMUNE";0;"0,00%";"0,00%";0;38;LDIV;"LIBERTÉ DÉMOCRATIQUE FRANÇAISE";"LIBERTÉ DÉMOCRATIQUE FRANÇAISE";0;"0,00%";"0,00%";0
FE;"France entière";"72";Sarthe;"72154";"La Flèche";"0016";736;459;"62,36%";277;"37,64%";429;"58,29%";"93,46%";13;"1,77%";"2,83%";17;"2,31%";"3,70%";1;LDIV;"HUMANITE SOUVERAINE";"POUR UNE HUMANITE SOUVERAINE";0;"0,00%";"0,00%";0;2;LDIV;"POUR UNE DEMOCRATIE REELLE : DECIDONS NOUS-MEMES !";"POUR UNE DEMOCRATIE REELLE : DECIDONS NOUS-MEMES !";0;"0,00%";"0,00%";0;3;LREC;"LA FRANCE FIERE, MENEE PAR MARION MARECHAL ET SOUTENUE PAR ÉRIC ZEMMOUR";"LA FRANCE FIERE, MENEE PAR MARION MARECHAL ET SOUTENUE PAR ÉRIC ZEMMOUR";27;"3,67%";"6,29%";5;4;LFI;"LFI - UP";"LA FRANCE INSOUMISE - UNION POPULAIRE";21;"2,85%";"4,90%";9;5;LRN;"La FRANCE REVIENT";"LA FRANCE REVIENT ! AVEC JORDAN BARDELLA ET MARINE LE PEN";145;"19,70%";"33,80%";30;6;LVEC;"EUROPE ÉCOLOGIE";"EUROPE ÉCOLOGIE";19;"2,58%";"4,43%";5;7;LDIV;"FREE PALESTINE";"FREE PALESTINE";0;"0,00%";"0,00%";0;8;LDIV;"PARTI ANIMALISTE";"PARTI ANIMALISTE - LES ANIMAUX COMPTENT, VOTRE VOIX AUSSI";4;"0,54%";"0,93%";0;9;LEXG;"PARTI REVOLUTIONNAIRE COMMUNISTES";"PARTI REVOLUTIONNAIRE COMMUNISTES";0;"0,00%";"0,00%";0;10;LDIV;"PARTI PIRATE";"PARTI PIRATE";0;"0,00%";"0,00%";0;11;LENS;"BESOIN D'EUROPE";"BESOIN D'EUROPE";67;"9,10%";"15,62%";13;12;LDIV;PACE;"PACE - PARTI DES CITOYENS EUROPÉENS, POUR L'ARMÉE EUROPÉENNE, POUR L'EUROPE SOCIALE , POUR LA PLANÈTE !";0;"0,00%";"0,00%";0;13;LECO;ÉQUINOXE;"ÉQUINOXE : ÉCOLOGIE PRATIQUE ET RENOUVEAU DÉMOCRATIQUE";1;"0,14%";"0,23%";0;14;LECO;"ECOLOGIE POSITIVE";"ECOLOGIE POSITIVE ET TERRITOIRES";2;"0,27%";"0,47%";0;15;LDIV;"LISTE ASSELINEAU-FREXIT";"LISTE ASSELINEAU-FREXIT, POUR LE POUVOIR D'ACHAT ET POUR LA PAIX";0;"0,00%";"0,00%";0;16;LEXG;"PAIX ET DECROISSANCE";"PAIX ET DECROISSANCE";0;"0,00%";"0,00%";0;17;LDIV;"POUR UNE AUTRE EUROPE";"POUR UNE AUTRE EUROPE";0;"0,00%";"0,00%";0;18;LLR;"LA DROITE POUR FAIRE ENTENDRE LA VOIX DE LA FRANCE EN EUROPE";"LA DROITE POUR FAIRE ENTENDRE LA VOIX DE LA FRANCE EN EUROPE";41;"5,57%";"9,56%";6;19;LEXG;"LUTTE OUVRIERE";"LUTTE OUVRIERE - LE CAMP DES TRAVAILLEURS";3;"0,41%";"0,70%";0;20;LDVG;"CHANGER L'EUROPE";"CHANGER L'EUROPE";0;"0,00%";"0,00%";0;21;LDIV;NLP;"NOUS LE PEUPLE";0;"0,00%";"0,00%";0;22;LEXG;"URGENCE REVOLUTION !";"POUR UN MONDE SANS FRONTIERES NI PATRONS, URGENCE REVOLUTION !";0;"0,00%";"0,00%";0;23;LEXG;PPL;"""POUR LE PAIN, LA PAIX, LA LIBERTÉ !"" PRÉSENTÉE PAR LE PARTI DES TRAVAILLEURS";0;"0,00%";"0,00%";0;24;LEXD;"L'EUROPE CA SUFFIT !";"L'EUROPE CA SUFFIT !";1;"0,14%";"0,23%";0;25;LDIV;"PRENONS-NOUS EN MAIN";"NON ! PRENONS-NOUS EN MAINS";0;"0,00%";"0,00%";0;26;LEXD;"FORTERESSE EUROPE";"FORTERESSE EUROPE - LISTE D'UNITE NATIONALISTE";0;"0,00%";"0,00%";0;27;LUG;"REVEIL EUR";"RÉVEILLER L'EUROPE";68;"9,24%";"15,85%";13;28;LEXG;"NON À L'UE ET À L'OTAN, COMMUNISTES POUR LA PAIX ET LE PROGRÈS SOCIAL";"NON À L'UE ET À L'OTAN, COMMUNISTES POUR LA PAIX ET LE PROGRÈS SOCIAL";0;"0,00%";"0,00%";0;29;LDVD;AR;"ALLIANCE RURALE";13;"1,77%";"3,03%";0;30;LDIV;"FRANCE LIBRE";"FRANCE LIBRE";0;"0,00%";"0,00%";0;31;LDVG;"EUROPE TERRITOIRES ÉCOLOGIE";"EUROPE TERRITOIRES ÉCOLOGIE";1;"0,14%";"0,23%";0;32;LDIV;"LA RUCHE CITOYENNE";"LA RUCHE CITOYENNE";0;"0,00%";"0,00%";0;33;LCOM;"GAUCHE UNIE";"GAUCHE UNIE POUR LE MONDE DU TRAVAIL SOUTENUE PAR FABIEN ROUSSEL";8;"1,09%";"1,86%";0;34;LDIV;"DEFENDRE LES ENFANTS";"DEFENDRE LES ENFANTS";0;"0,00%";"0,00%";0;35;LECO;EAC;"ÉCOLOGIE AU CENTRE";8;"1,09%";"1,86%";0;36;LDIV;"DEMOCRATIE REPRESENTATIVE";"DEMOCRATIE REPRESENTATIVE";0;"0,00%";"0,00%";0;37;LDIV;ESPERANTO;"ESPERANTO LANGUE COMMUNE";0;"0,00%";"0,00%";0;38;LDIV;"LIBERTÉ DÉMOCRATIQUE FRANÇAISE";"LIBERTÉ DÉMOCRATIQUE FRANÇAISE";0;"0,00%";"0,00%";0
FE;"France entière";"72";Sarthe;"72154";"La Flèche";"0017";539;340;"63,08%";199;"36,92%";325;"60,30%";"95,59%";5;"0,93%";"1,47%";10;"1,86%";"2,94%";1;LDIV;"HUMANITE SOUVERAINE";"POUR UNE HUMANITE SOUVERAINE";0;"0,00%";"0,00%";0;2;LDIV;"POUR UNE DEMOCRATIE REELLE : DECIDONS NOUS-MEMES !";"POUR UNE DEMOCRATIE REELLE : DECIDONS NOUS-MEMES !";0;"0,00%";"0,00%";0;3;LREC;"LA FRANCE FIERE, MENEE PAR MARION MARECHAL ET SOUTENUE PAR ÉRIC ZEMMOUR";"LA FRANCE FIERE, MENEE PAR MARION MARECHAL ET SOUTENUE PAR ÉRIC ZEMMOUR";17;"3,15%";"5,23%";5;4;LFI;"LFI - UP";"LA FRANCE INSOUMISE - UNION POPULAIRE";10;"1,86%";"3,08%";9;5;LRN;"La FRANCE REVIENT";"LA FRANCE REVIENT ! AVEC JORDAN BARDELLA ET MARINE LE PEN";86;"15,96%";"26,46%";30;6;LVEC;"EUROPE ÉCOLOGIE";"EUROPE ÉCOLOGIE";13;"2,41%";"4,00%";5;7;LDIV;"FREE PALESTINE";"FREE PALESTINE";0;"0,00%";"0,00%";0;8;LDIV;"PARTI ANIMALISTE";"PARTI ANIMALISTE - LES ANIMAUX COMPTENT, VOTRE VOIX AUSSI";5;"0,93%";"1,54%";0;9;LEXG;"PARTI REVOLUTIONNAIRE COMMUNISTES";"PARTI REVOLUTIONNAIRE COMMUNISTES";0;"0,00%";"0,00%";0;10;LDIV;"PARTI PIRATE";"PARTI PIRATE";0;"0,00%";"0,00%";0;11;LENS;"BESOIN D'EUROPE";"BESOIN D'EUROPE";61;"11,32%";"18,77%";13;12;LDIV;PACE;"PACE - PARTI DES CITOYENS EUROPÉENS, POUR L'ARMÉE EUROPÉENNE, POUR L'EUROPE SOCIALE , POUR LA PLANÈTE !";0;"0,00%";"0,00%";0;13;LECO;ÉQUINOXE;"ÉQUINOXE : ÉCOLOGIE PRATIQUE ET RENOUVEAU DÉMOCRATIQUE";2;"0,37%";"0,62%";0;14;LECO;"ECOLOGIE POSITIVE";"ECOLOGIE POSITIVE ET TERRITOIRES";1;"0,19%";"0,31%";0;15;LDIV;"LISTE ASSELINEAU-FREXIT";"LISTE ASSELINEAU-FREXIT, POUR LE POUVOIR D'ACHAT ET POUR LA PAIX";3;"0,56%";"0,92%";0;16;LEXG;"PAIX ET DECROISSANCE";"PAIX ET DECROISSANCE";0;"0,00%";"0,00%";0;17;LDIV;"POUR UNE AUTRE EUROPE";"POUR UNE AUTRE EUROPE";0;"0,00%";"0,00%";0;18;LLR;"LA DROITE POUR FAIRE ENTENDRE LA VOIX DE LA FRANCE EN EUROPE";"LA DROITE POUR FAIRE ENTENDRE LA VOIX DE LA FRANCE EN EUROPE";31;"5,75%";"9,54%";6;19;LEXG;"LUTTE OUVRIERE";"LUTTE OUVRIERE - LE CAMP DES TRAVAILLEURS";1;"0,19%";"0,31%";0;20;LDVG;"CHANGER L'EUROPE";"CHANGER L'EUROPE";0;"0,00%";"0,00%";0;21;LDIV;NLP;"NOUS LE PEUPLE";0;"0,00%";"0,00%";0;22;LEXG;"URGENCE REVOLUTION !";"POUR UN MONDE SANS FRONTIERES NI PATRONS, URGENCE REVOLUTION !";0;"0,00%";"0,00%";0;23;LEXG;PPL;"""POUR LE PAIN, LA PAIX, LA LIBERTÉ !"" PRÉSENTÉE PAR LE PARTI DES TRAVAILLEURS";0;"0,00%";"0,00%";0;24;LEXD;"L'EUROPE CA SUFFIT !";"L'EUROPE CA SUFFIT !";6;"1,11%";"1,85%";0;25;LDIV;"PRENONS-NOUS EN MAIN";"NON ! PRENONS-NOUS EN MAINS";0;"0,00%";"0,00%";0;26;LEXD;"FORTERESSE EUROPE";"FORTERESSE EUROPE - LISTE D'UNITE NATIONALISTE";0;"0,00%";"0,00%";0;27;LUG;"REVEIL EUR";"RÉVEILLER L'EUROPE";70;"12,99%";"21,54%";13;28;LEXG;"NON À L'UE ET À L'OTAN, COMMUNISTES POUR LA PAIX ET LE PROGRÈS SOCIAL";"NON À L'UE ET À L'OTAN, COMMUNISTES POUR LA PAIX ET LE PROGRÈS SOCIAL";0;"0,00%";"0,00%";0;29;LDVD;AR;"ALLIANCE RURALE";9;"1,67%";"2,77%";0;30;LDIV;"FRANCE LIBRE";"FRANCE LIBRE";0;"0,00%";"0,00%";0;31;LDVG;"EUROPE TERRITOIRES ÉCOLOGIE";"EUROPE TERRITOIRES ÉCOLOGIE";0;"0,00%";"0,00%";0;32;LDIV;"LA RUCHE CITOYENNE";"LA RUCHE CITOYENNE";0;"0,00%";"0,00%";0;33;LCOM;"GAUCHE UNIE";"GAUCHE UNIE POUR LE MONDE DU TRAVAIL SOUTENUE PAR FABIEN ROUSSEL";4;"0,74%";"1,23%";0;34;LDIV;"DEFENDRE LES ENFANTS";"DEFENDRE LES ENFANTS";0;"0,00%";"0,00%";0;35;LECO;EAC;"ÉCOLOGIE AU CENTRE";6;"1,11%";"1,85%";0;36;LDIV;"DEMOCRATIE REPRESENTATIVE";"DEMOCRATIE REPRESENTATIVE";0;"0,00%";"0,00%";0;37;LDIV;ESPERANTO;"ESPERANTO LANGUE COMMUNE";0;"0,00%";"0,00%";0;38;LDIV;"LIBERTÉ DÉMOCRATIQUE FRANÇAISE";"LIBERTÉ DÉMOCRATIQUE FRANÇAISE";0;"0,00%";"0,00%";0
